Title,View,Score,Score2,View8,Time1
여름 + 비에 후지산에 가다 보니 눈은 보지 못했지만 후지산이 온통 푸르고 또 다른 면으로 아름답습니다. 거기에 도착하는 것은 매우 편리하지만 자동차 요금은 비밀리에 조금 비싸고 날씨는 좋으며 구매할 티켓이 있습니다. 엘리베이터를 타고 호수 전망을보고 산 전망을 보거나 정원을 보러 갈 수 있습니다. 나무가 될 수 있습니다 10/10,Tak Phira,5,완벽해요!,0,작성일: 2022년 10월 29일
"처음으로 후지산을 이렇게 가까이서 보았지만, 자연스럽게 목소리가 나올 정도로 아름다웠습니다! 산 근처에서 날씨가 변하기 쉽기 때문에 낮에는 구름에 숨어있는 경우가 많았지만 아침 일찍 일어나서 보는 후지산은 깨끗하고 감동을 줄 정도로 아름다웠습니다. 또 꼭 방문하고 싶은 곳입니다.",walnut,5,완벽해요!,0,작성일: 2022년 10월 26일
일본의 후지산은 국내에서 가장 유명한 관광 명소입니다. 일본을 여행 할 때 보통 후지산 아래에서 하룻밤을 지내고 온천에 몸을 담그고 후지산을 올라갈 수 있습니다. 후지산은 활화산입니다. 최근 모니터링 단계에 있습니다. 분화.,老少皆宜程,5,완벽해요!,2,작성일: 2022년 7월 25일
이 높은 광고에 도달하는 것은 믿을 수 없을 정도로 놀랍습니다. 후지산에서 안개가 자욱하지 않습니다. 🗻 하루가 날씨가 좋으면 적극 권장합니다. 👍,LynnMaeyoga,5,완벽해요!,0,작성일: 2022년 11월 23일
12월과 1월은 날씨가 좋아서 치산이 매우 아름다운 계절입니다. 이 기간에 가면 최고로 간주됩니다.,Mampp,5,완벽해요!,0,작성일: 2023년 1월 11일
사계절 내내 언제든지 아름다운 곳 새벽 감성도 좋아요,shaman239,5,완벽해요!,0,작성일: 2022년 12월 31일
일본을 방문하지 않는 오랜 시간. 이제 후지산에 가기에 정말 좋은 시간입니다. 너무 아름답고 매혹적입니다! !! 😍😍😍😍😍😍😍😍,Maxineeee,5,완벽해요!,0,작성일: 2022년 11월 9일
이른 아침에 매우 권장 참고로이 사진은 오전 10시입니다 🗻,Mr.travels,5,완벽해요!,0,작성일: 2023년 1월 4일
[경치] 아름다운 풍경 [재미] 재미 [비용 효과] 저렴한 가격,amwufhvk,5,완벽해요!,1,작성일: 2022년 10월 7일
일본의 후지산의 랜드 마크는 정말 아름답고 아름답습니다.,hkfoodie_yum,4,최고에요!,0,작성일: 2022년 12월 14일
로프웨이를 타고 전망대로 가면 잘 보이는 후지산이 너무 아름다웠습니다.,uuuuu,5,완벽해요!,0,작성일: 2022년 9월 30일
가을에 후지의 아름다운 엿볼! 모든 것이 너무 숨이 막힐 것입니다. 곧 다시오고 싶습니다!,Genevie Graham,5,완벽해요!,0,작성일: 2022년 7월 25일
구름 위에 사는 것 같군요,あしたのりょう,5,완벽해요!,0,작성일: 2022년 11월 19일
"세계적으로 유명한 풍경, 말하지 않았다, 일본에 와서 카드를 펀치해야합니다, 몇 가지 포인트는 다른 스타일을 가지고 있습니다",Delphina,5,완벽해요!,1,작성일: 2022년 7월 17일
일본에 도착하면 후지산 사진을 찍으러 오지 않았습니다. 도착하지 않은 것으로 간주 😅,inkgytwinkle,5,완벽해요!,0,작성일: 2022년 9월 6일
"일본의 필수 카드 명소, 사진 촬영에 매우 적합, 눈이 아름답습니다",M515shunyi1618,5,완벽해요!,0,작성일: 2022년 9월 20일
일본 후지산은 눈이 녹지 않고 멀리서 볼 수 있습니다.,喜欢吃香蕉皮虾的熊,5,완벽해요!,0,작성일: 2022년 8월 6일
시즈오카현에서 후지산을 보는 것은 정말 아름답습니다! ! !,NickH,5,완벽해요!,0,작성일: 2022년 6월 30일
볼만한 가치가있는 곳을 이해하십시오!,caoqh,5,완벽해요!,0,작성일: 2022년 6월 30일
3 년 전 후지산의 아름다운 전망을 감상 할 수있는 방에 살았고 가와구치 호수에서 보트를 타 셨는데 추억은 항상 너무 좋았습니다 ... 실제로 가와구치 호수 주변에는 후지산을 볼 수있는 호텔이 많이 있습니다. 넓은 테라스는 탁 트인 전망을 즐길 수 있습니다. 캠핑 스타일의 경험은 여행에 새로운 아이디어를 더합니다. 추천합니다.,shirleywangsj,5,완벽해요!,1,작성일: 2022년 3월 13일
후지산 옆에는 놀이기구가 있습니다. ～ 세계 랭킹이있는 4 개의 롤러 코스터,喔喔喔喔,5,완벽해요!,0,작성일: 2022년 7월 28일
"최근에 사진을 뒤집고 2 년 전에 일본 후지산에 간 사진으로 돌아 왔습니다. 정말 그리워요. 한 달 동안 거기에 머무르는 것은 지루하지 않습니다. 끝없는 풍경입니다. 후지산을 볼 수 있습니다. 그 느낌은 매우 잊을 수 없습니다. 사진의 장소는 모두 후지산 근처의 유명한 장소입니다.1. 야마나시 후지요시다시 시모요시다 2, 야마나시현 시모요시다역 3, 야마나시현 서호 요양의 마을 4 야마나시현 가와구치코 5, 나가노현 쓰마롱주쿠 6, 야마나시현 가와구치코 7, 가와구치 센젠 신사 8, 나가노현 쓰마롱주쿠 9, 나가노현 나라이주쿠가 먼저 기록되어 전염병이 끝난 후 파도가 일어납니다.",二十画生JQK,5,완벽해요!,2,작성일: 2022년 2월 13일
웨이터는 매우 전문적이며 움직임은 깔끔하고 간단하며 고객 경험은 훌륭합니다. 👍🏨 호텔은 매우 비용 효율적이며 객실은 매우 깨끗하며 서비스는 매우 세심합니다. 다음에 다시 여기를 선택할 것입니다. 정말 재미 있고 압축을 풀고 운동을하는 것이 좋습니다. 정말 좋은 경험은 정말 재미 있습니다. 압축을 풀고 운동을하는 것은 정말 좋은 경험입니다. 오늘 가족과 함께 새로운 가게의 잠금을 해제하기 위해 왔습니다. 나는 항상 그것에 몰입하고 사진을 찍을 필요가 없기 때문에 매우 재미 있습니다.,魂殇丽江,5,완벽해요!,0,작성일: 2022년 3월 6일
정상에 하이킹에는 간소무로 (8 번 역)에서 휴식을 취해야합니다. 우리는 2 시간 동안 잤다. 그리고 2시 46 분에 정상에의 우리 여행을하기 전에.,peanutkacang,5,완벽해요!,0,작성일: 2022년 1월 10일
"후지산만 바라보면 후지산 5개 역(5개 역은 후지산 중턱, 산 정상은 10개 역)에 갈 필요가 없습니다. 예를 들어 ""오이시 공원"", ""텐카미산"", ""후지시바사쿠라 축제""와 같은 명소는 모두 후지산을 보기에 좋은 곳입니다. 때로는 관광 택시를 타면 현지 운전자가 임시로 주차하여 관광객들에게 거의 알려지지 않은 후지산의 멋진 전망대를 지적할 수 있습니다. 버스를 기다리지 않고 하루 동안 여러 곳을 놀 수 있습니다. [교통] 후지산 주변에는 많은 명소가 있지만 단점은 대중 교통이 매우 비효율적이라는 것입니다. 밤새 이틀 동안 거기에 있지 않다면 아침 일찍 가서 미리 교통을 계획해야합니다. 그렇지 않으면 하루 동안 버스를 타지 못할 것입니다 (오시노 하치 하이 (Oshino Hachihai)로가는 버스를 발견했습니다. 한 시간 동안 한 번에 취한 것). [계획] 우리는 먼저 ""가와구치코 역""으로 전차를 타고 하루 전에 ""후지 시바 사쿠라 축제 관광 택시""를 예약하고 추천 명소에서 5 개의 명소 ""오이시 공원""과 ""후지 시바 사쿠라 축제""를 선택했습니다. (2018 년 회기는 4/14-5/27이며 5 월 시바 사쿠라가 절정에 도달합니다.) ""서호 레이건바"", ""미치노카고"", ""신쿠라 후지 센겐 신사"", 관광 택시는 마침내 우리를 후지큐 파라다이스로 데려 갈 수 있지만 롤러 코스터를 탈 용기가 없었기 때문에 운전 기사에게 우리를 다시 보내달라고 요청했습니다. 가와구치코 역. 이 ""후지시바 사쿠라 축제 택시"" 패키지는 다른 기간을 선택할 수 있습니다. 가격은 몇 시간 동안 고정 패키지 가격입니다. 예약시 가격이 잠겨 있으므로 당황하지 않습니다. 도로에서 가고 싶다면 언제든지 운전사에게 이야기하십시오. 패키지 시간을 초과하지 않는 한. 관광 명소를 방문 할 때 택시가 근처에서 우리를 기다리고 있었고, 놀이가 끝나면 다음 명소로 직접갔습니다. 그렇지 않으면 버스를 타고 잠시 기다려야합니다. 후지산에서 하루 만 버스를 낭비하고 싶지 않습니다. [중요] 마지막으로 눈물과 미소 팁 : 두꺼운 하선으로 다시 말하십시오. 고속 버스 티켓을 미리 예약해야합니다! 그렇지 않으면 주말 저녁에 버스 티켓이 모두 매진 된 것을 발견하게 될 것입니다. 트램을 타고 하늘의 ""오월""까지 한 시간 정도만 돌아 가면 도쿄 또는 요코하마로 돌아갈 수 있습니다. 그리고 좌석이없는 사람들은 미소를 지으며 돌아갈 수 있습니다. [요약] 후지산 지역 교통은 ""후지 시바 사쿠라 축제 관광 택시""를 미리 예약하는 것이 좋습니다. 도쿄 왕복 교통은 고속 버스를 미리 예약해야합니다. 이 두 가지 포인트를 얻으면 어디로 가야할지 알 수 있습니다. (관광 택시 참조 사이트 : https://touch-j.jp/mag/zh-hans/node/1873)",彬仔姐姐,5,완벽해요!,71,작성일: 2018년 5월 11일
"이것은 일본에서 가장 가야 할 명소라고 생각합니다. 일반적으로 산은 6 월 중순과 하순에서 9 월 초순까지 열립니다. 가장 적합한 시간은 한여름입니다. 산은 밤에 매우 춥습니다. 등산에는 장비를 가져와야합니다. 산 정상의 8 개 역은 매우 가파르므로 장갑을 착용하는 것을 잊지 마십시오. 다음날 일출을 보기 위해 산을 오르는 것을 선택한다면 전날 8개 역 또는 8개 역 반으로 올라가서 머물 곳을 찾는 것이 가장 좋습니다(일본 공식 웹사이트에서 예약 가능, 일찍 예약 가능). 조명을 가져오는 것을 잊지 마세요. 이른 아침에 등산하는 많은 사람들이 하나 둘 걱정하지 마십시오.",TrinityZ,5,완벽해요!,21,작성일: 2016년 12월 2일
"후지산은 도쿄에서 남서쪽으로 약 80km, 해발 3776m에 위치하고 있으며 일본 최초의 봉우리이며 일본 사람들에게 ""성산""으로 알려져 있습니다. 후지산은 일본 민족의 상징이자 일본에서 가장 중요한 국가 상징 중 하나이며 일본에서 17 번째 세계 유산으로 세계적으로 유명합니다. 후지산은 시즈오카현과 야마나시현을 가로질러 태평양 해안에 가깝고 세계에서 가장 큰 활화산 중 하나입니다. 서기 781년 문자 기록 이후 후지산은 총 18번의 분화를 일으켰고, 마지막은 1707년이었고, 그 후 휴화산이 되었습니다. 후지산은 유명한 관광지입니다. 후지산 기에는 다양한 동굴이 있으며 동굴 벽은 종유석 모양의 빙상으로 가득 차 있으며 일년 내내 녹지 않습니다. 날씨가 맑으면 산 정상에 올라 일출과 운해 등의 자연경관을 감상할 수 있습니다. 후지산 아래에는 ""후지 5호""와 같은 유명한 자연 경관도 있으며 호수에서 후지산의 반사를 볼 수 있어 매우 매력적입니다.",漢江鴨鴨,5,완벽해요!,36,작성일: 2016년 9월 25일
"후지산은 일본에서 가장 큰 봉우리이자 세계에서 가장 큰 활화산 중 하나이며, 특히 매년 7 월과 8 월은 후지산을 오르기에 가장 좋은 계절입니다. 많은 등반 애호가들은 이미 몸의 힘을 견딜 수 없습니다. 그것은 정복합니다. 후지산이 아름다운 이유는 그 풍경이 예측할 수 없을 정도로 변하기 때문입니다. 매년 9월 중순부터 10월 중순까지 후지산은 눈이 내리기 시작하여 2년차 6월까지 녹을 때까지 눈이 내리고 때로는 7월 중순에도 여전히 잔설이 있습니다. 따라서 매년 7 월과 8 월은 후지산을 오르기에 가장 좋은 계절이며 다른 계절은 산을 닫습니다. 8 월에는 태풍의 수가 증가하므로 7 월 중순에 등반하는 것이 가장 좋습니다. 그래서 지금은 후지산을 오르기에 가장 좋은 시간입니다. 많은 친구들이 이미 견딜 수 없지만 3775m의 봉우리를 정복하고 싶습니다. 아름다움을 감상하는 것은 그리 쉽지 않습니다. 준비를 잘해야합니다 : 일본어 제안은 여전히 매우 유용합니다 : 1. 방수 장비: 후지산은 고도가 높고 구름이 예측할 수 없으며 날씨가 변하기 쉽고 갑자기 비가 올 수 있습니다. 2. 조명기구: 후지산에 조명이 없습니다. 밤에 길을 보세요. 3. 물: 생존 필수품 4. 액션 식사: 등반 도중에 체력을 보충하십시오. 5. 쓰레기 봉투: 쓰레기는 스스로 가져와야 합니다. 환경을 오염시키지 마십시오 6. 마른 수건: 바람과 감기에 걸리지 않도록 땀을 흘리기 위해 사용 7. 재킷, 갈아입은 건조한 옷: 산의 기온이 낮고 따뜻하게 유지해야 하고 옷이 흠뻑 젖어 건조하기 편합니다. 8. 마스크: 너무 많은 찬 공기와 먼지를 흡입하지 마십시오. 9. 장갑: 낮은 기온 및 손의 얼음 상처 방지 10. 등산 신발: 산을 오르는 것이 더 쉽습니다.",全球译,5,완벽해요!,34,작성일: 2016년 9월 9일
일본 도쿄의 후지산은 멀리서 보면 매우 매력적이며 가까이서 보면 더 매력적인 풍경이라고 말해야합니다. 계절은 경치를보기에 매우 적합하며 주변 경관이 좋으며 여가 사진을 찍기에 더 적합합니다.,千易之阿花,5,완벽해요!,2,작성일: 2022년 3월 8일
"후지산은 일본인의 마음에 가장 신성한 곳입니다. 후지산은 시즈오카 현과 야마나시 현에 걸쳐 있습니다. 후지산은 휴화산입니다. 후지산은 10 개의 역으로 나니다. 현재 자동차는 5 개의 역으로 만 갈 수 있습니다. 후지산은 가을과 겨울에 보러 가야합니다. 눈이 내리고 산에 눈이 내리고 경치가 좋아 보입니다. 10 월에 갔을 때 첫 눈이 내린 후 풍경이 아름다웠습니다. 산을 오르는 길은 구불 구불하며 멀미 방지에주의를 기울여야합니다. 후지산에 가면 차에서 추워지지 않더라도 두꺼운 옷을 준비해야합니다. 그러나 5 개 역에서 내린 후, 나는 즉시 차가운 바람을 느끼고 온도는 몇 도에 불과합니다. 5 개 역에는 2 ~ 3 개의 상점이있는 작은 신사가 있습니다. 5 개 역의 후지산 정상에 서서 구름과 안개가 니다. 아래를 내려다보면 후지 5 호가 보입니다.",织梦者1988,5,완벽해요!,13,작성일: 2016년 12월 14일
"아침에 가장 아름다운 산과 가장 아름답고 가장 아름다운 산의 산, 매우 행복하고 마음의 마음",AROUND THAILAND,5,완벽해요!,0,작성일: 2022년 1월 28일
후지야마 화산은 여전히 따뜻합니다. 모르겠어요. 다시 가고 싶습니다. 미안하지 않습니다. 편안합니다.,AROUND THAILAND,5,완벽해요!,0,작성일: 2022년 1월 31일
"날씨 때문에 일본에 오기 전에 후지산 ~ ""성악""의 아름다움을 보지 못했습니다! 운 좋게도 날씨가 아주 좋습니다. 이번에는 당신의 아름다움을 잘 감상하겠습니다! 매우 장관입니다!",whoisangel,5,완벽해요!,18,작성일: 2018년 1월 26일
"하루를 놓친 후지산은 일본을 방문 할 것입니다. 날씨가 좋으며 전망이 깊고 눈이 아름답고 마음이 매우 아름답습니다. 눈, 마음. ,, .....",AROUND THAILAND,5,완벽해요!,0,작성일: 2022년 2월 28일
"2016년에 가족과 함께 일본에 도착했을 때, 일본의 완벽한 원 모양의 후지산과 오랜 세월의 눈 덮인 하얀 지붕(때로는 태풍이나 고온에 대머리)이 대칭 아름다움에 대한 동양인의 추구를 크게 만족시켜야 합니다. 300 년 이상 분화하지 않았지만 후지산은 여전히 활화산입니다. 후지산 아래에 작은 마을이 있으며 고구마를 구운 노인은 매우 친절하며 추운 겨울은 따뜻함을 가져옵니다! 지금까지 사람들은 여전히 기억하고 있습니다.",心静如水927,5,완벽해요!,2,작성일: 2021년 6월 11일
"후지산을 너무 가까이서 보았을 때, 나의 첫 느낌은 P 그림과 같았다. 그러나 그 신 앞에서는 독특한 가스와 자신의 작은 느낌을 느낄 수 있습니다. 후지산이 일본에서 매우 신성한 것은 당연합니다.",翱翔的大鲨鱼,4,최고에요!,0,작성일: 2022년 3월 31일
후지산을 보았을 때 정말 좋은 추억을 줍니다. 모든 것이 잘되기를 바랍니다. 적절한 시간에 방문해야 합니다.,是行者无疆,5,완벽해요!,1,작성일: 2022년 3월 5일
"정말 아름다운 풍경, 4 월, 벚꽃이 열리고 봄 꽃이 피어 있습니다.",带着杨柳去旅行,5,완벽해요!,8,작성일: 2022년 3월 18일
사람들이 외국 정원에 관심을 갖는 이유는 한편으로는 마음에 정원 꿈이 있기 때문입니다. 다른 한편으로는 우리 나라에는 현재 정원이 있는 가족이 많지 않습니다. 모두가 이상적이고 꿈결 같은 비밀 정원을 만드는 데 도움이되는 외국 정원 디자인에서 약간의 경험을 얻고 싶습니다. 오늘 나는 약간의 드레스 기술을 가져 왔고 정원을 개조 할 계획이라면 놓치지 마십시오!,Terry,5,완벽해요!,0,작성일: 2022년 3월 17일
후지산은 일본 혼슈 섬 중남부에 위치하며 일본 시즈오카현과 야마나시현 사이에 걸쳐 있으며 일본의 정신과 문화의 고전적인 상징이자 신성한 산이자 일본 사람들이 존경하는 성지입니다. 후지산은 원추형이며 산 정상에는 수년간 눈이 쌓여 있습니다. 주변에 5개의 민물 호수가 있으며 경치가 매우 아름답습니다. 거의 모든 사람들이 여행을 갈 때 체크인합니다.,M49***15,5,완벽해요!,0,작성일: 2022년 3월 7일
일본 혼슈 섬의 남중부에 위치하며 도쿄에서 동쪽으로 약 80km 떨어져 있으며 세계적으로 유명하며 문화의 고전 상징 중 하나입니다. 일본인의 마음에는 자연의 매력이 담긴 아름답고 엄숙한 산입니다. 고대부터 일본 문학가들의 노래의 주제이자 일본인의 존경받는 성지였습니다. 매년 전 세계에서 온 관광객들을 끌어들입니다. 추천할만한 가치가 있습니다.,ShaLiNa,5,완벽해요!,0,작성일: 2022년 3월 7일
"후지산, 일본의 정신 문화의 상징, 야마토 민족의 자부심, 국제적으로 인정된 일본 상징, 일본 관광의 첫 번째 목적지. 신성한 산. 일본 국민의 눈에는 후지산이 ""성산""입니다. 우아하고 부드러운 원추 산, 눈 덮인 산 정상, 핑크 벚꽃 붉은 잎이 전망과 잔잔한 호수에 반사를 남겼습니다. ～ 신비하고 성스러운 아름다움은 어떻게 그녀를 원하지 않을 수 있습니까? 수줍은 산. 일본 사람들은 후지산이 ""수줍음이 쉬운""자격을 가지고 있다고 생각합니다. 푸른 하늘과 흰 구름 아래는 거꾸로 매달린 옥 부채처럼 구름과 안개는 구름과 안개로 둘러싸여 있지만 구름과 안개는 10~8일 동안 은 구름과 안개입니다. 팁: 후지산의 아름다움을 찾으려면 날씨 + 운에 의존하고 좋은 날씨를 선택하면 다른 사람들은 운에 의존합니다.",旅の径,4,최고에요!,2,작성일: 2021년 1월 23일
후지산은 정말 마법 같은 산입니다. 어느 각도에서 봐도 아름답습니다. 특히 겨울에는 날씨가 맑습니다. 멀리서 보면 눈 덮인 산이 구름과 안개를 어내고 다른 종류의 아름다움을 만듭니다. 자연의 힘에 대해 한숨을 쉬게 합니다.,谌默默,5,완벽해요!,0,작성일: 2021년 5월 7일
일본에 대해 말하면 많은 사람들이 후지산을 생각할 것입니다. 후지산은 일본을 대표하는 풍경입니다. 일본에서 가장 큰 봉우리입니다. 매년 많은 관광객이 후지산을 방문합니다. 후지산의 풍경은 훌륭합니다. 참여할 가치가 있습니다.,淼淼0301,5,완벽해요!,14,작성일: 2016년 10월 14일
"후지산은 도쿄에서 동쪽으로 약 80km 떨어진 혼슈 섬의 남중부에 위치하고 있으며 일본 시즈오카 현과 야마나시 현 사이에 걸쳐 있으며 산기은 스루가 만과 유가와 사이의 도랑에 위치하고 있습니다. 높은 3775.63 미터, 산의 바닥 둘레는 125 킬로미터, 면적은 약 1,200 평방 킬로미터입니다.",Lavender and Sun,5,완벽해요!,0,작성일: 2021년 4월 30일
매년 봄이면 많은 사람들이 후지산에 올 것입니다. 후지산 아래의 벚꽃은 너무 아름답습니다. 분홍색 조각은 아래를 걷는 것이 매우 기분이 좋지만 벚꽃 때문에 매년 갈 때 중국과 같은 사람들이 너무 많습니다. 골든 위크.,淼淼0301,5,완벽해요!,17,작성일: 2016년 9월 11일
"후지산은 아마도 일본의 산과 같을 것입니다. 날씨가 얼마나 높은지 확인하십시오. 불행히도, 나는 그날의 짧은 시간 만 갔다. 그러나 일본의 공기 질은 정말 좋고, 지역은 작으며, 기본적으로 후지산을 볼 수 있습니다.",Jim_J,5,완벽해요!,15,작성일: 2017년 2월 22일
일본의 후지산 대표자 중 한 명은 도쿄에서 차로 2 시간 거리에 있으며 멀리서 보면 더 아름답습니다. 산에 실제로 올라가는 것은 신비가 훨씬 적습니다. 산을 오르는 길의 일부는 훌륭하게 수리되었으며 타이어의 마찰을 통해 자동으로 음악이 생성 될 수 있으며 산을 내려가는 길의 음악은 분명하지 않습니다.,加菲猫最爱意大利面,5,완벽해요!,3,작성일: 2018년 5월 25일
"후지산은 일본의 정신과 문화의 고전적인 상징 중 하나이며, 일본인의 마음에는 자연의 매력이 담긴 아름답고 엄숙한 신성한 산입니다. 고대부터 일본 문학가들의 아카의 주제이자 일본인들이 존경하는 성지이자 일본 민속 종교의 일부였습니다. 후지산은 원 모양이고 산 정상에는 일년 내내 눈이 쌓여 있습니다. 후지산 기 주변에는 총칭하여 ""후지 5호""로 알려진 5개의 민물 호수가 있습니다.",chenweiwen,5,완벽해요!,6,작성일: 2020년 8월 6일
"일본의 후지산은 중국의 만리장성, 미국의 자유의 여신상, 프랑스의 에펠탑, 런던의 빅벤과 동일합니다. 일본 국민의 후지산에 대한 사랑은 내 마음에서 비롯되지만 실제로는 화산 일뿐입니다. 도쿄에서 자동차로 약 2 시간 30 분이 소요됩니다. 일본에서는 그리 가깝지는 않지만 일본에 가면 후지산을 보러 가야합니다. 후지산에 도착하기 전에 일반적으로 오시노 하치하이에 머무르는 것은 매우 작지만 풍경이 좋은 곳에서 정차 한 다음 산을 계속 올라갑니다. 일반적으로 관광객들은 산 중턱에 가서 부처를 숭배하고 후지산 우체국으로갑니다. 산에서 다양한 기념품을 구입하십시오. 365 일에 300 일 동안 안개가 자욱하다고합니다. 그러나 우리는 운이 좋았고 산의 전체 그림을 보았습니다.",Grace,5,완벽해요!,14,작성일: 2016년 12월 3일
일본으로 여행하면이 역은 후지 지역에옵니다. 관광객들은 일반적으로 후지산의 중간 부분인 후지 5초메로 이동한 다음 산을 오르거나 5초메에서 후지산 정상을 볼 수 있습니다. 후지산 정상을 가장 가까운 거리에서 볼 수 있는 곳 이거. 그러나 후지산 정상을 볼 수있는 것은 아닙니다. 구름이나 날씨 때문에 후지산 정상을 볼 확률은 일반적으로 50 ~ 50입니다. 운이 좋습니다. 우리는 투어 가이드가 말한 것처럼 볼 수있어서 매우 운이 좋았습니다. 석탄 더미처럼 눈앞에 검은 산이 있습니다. 멀리서 볼 수는 없습니다.,陌染MM,4,최고에요!,1,작성일: 2021년 3월 6일
후지산은 아름다운 풍경을 가지고 있으며 산은 화산재로 가득 차 있으며 식물은 없습니다. 산 정상은 직경이 큰 분화구입니다. 나는 산을 하이킹하여 분화구에서 일출을 보았습니다. 밤에는 후지산에 오르는 것이 어렵지만 잊을 수 없습니다!,沧海一粟1974,5,완벽해요!,0,작성일: 2022년 3월 7일
"2018 년에 일본 후지산에 갔을 때, 나는 그것을 기억하지 못합니다. 친구가 가져 왔기 때문에 풍경이 정말 좋습니다. 후지산 앞에 뷔페를 먹을 수있는 곳이 있습니다. 음식은 일반적으로 좋고 정중합니다.",乐雨乐语,5,완벽해요!,0,작성일: 2022년 3월 7일
후지산 아래 가와구치 호수는 특히 아름답습니다. 가와구치코 호텔에서 숙박 ✨ 호수를 따라 산책하고 호수에 앉아 가와구치 호수 기의 하늘에 오르고 싶습니다. 여름의 후지산을 내려다보고 싶습니다. ✨ 푸른 하늘과 흰 구름에 후지산이 아름답습니다.,Jjp金,5,완벽해요!,3,작성일: 2018년 9월 4일
아름다운 풍경 👋👋👋👋👋👋👋👋👋👋👋👋👋👋👋👋👋👋👋👋👋👋👍👍👍👋👍👋👋,ahao1979,5,완벽해요!,0,작성일: 2022년 3월 8일
"위치는 찾기가 조금 어렵지만, 승리는 사람이 적고 시끄러운 환경이 없으며 전체 분위기가 매우 좋고 나쁘지 않습니다. 😁",像天空一样湛蓝,5,완벽해요!,0,작성일: 2022년 3월 9일
"후지산 🗻 매우 아름답고, 일년 내내 아름다운 색, 봄의 부드러움, 여름의 열정, 가을의 강한, 겨울의 눈, 아름다운 얼굴이 있습니다.",dd_vc,5,완벽해요!,0,작성일: 2022년 3월 18일
"일본에는 유명한 관광 명소가 많이 있으며,이 곳 중 하나입니다. 많은 관광객들이 사진을 찍기 위해 여기에 오기 위해 멀지 않습니다.",小玉YY,5,완벽해요!,0,작성일: 2022년 3월 11일
"도쿄 서부에 위치한 후지산은 세계에서 가장 큰 활화산 중 하나이며 일본의 상징입니다. 샹겐은 후지산을보기에 가장 이상적인 곳으로, 특히 겨울에는 날씨가 좋으며 멀리서 후지산을 볼 수 있습니다. 일본에서 가장 높은 봉우리 (고도 3775.63 미터)는 엽서의 풍경화처럼 눈으로 덮여 있습니다. 날씨가 좋지 않을 때, 당신은 그것을보기 위해 매우 가까이 있어야합니다.",吃苹果的麻雀呀,5,완벽해요!,0,작성일: 2021년 4월 4일
"겨울에는 두꺼운 눈이 사라지고 봄에는 벚꽃 🌸, 초여름에는 후지산 🗻이 없으며 상징적 인 눈은 거의 없으며 눈 조각 만 남지만 주변 풍경에 새로운 생명을 불어 넣습니다. 눈이 녹은 후, 노시노 마을에 흐르는 노시 노는 사람들은 여기에 영양을 공급합니다. 아사마 신사 ⛩️ 옆에는 무성하고 활기찬 파벌이 있습니다. 가와구치 호수는 초여름의 햇빛 ☀️ 아래에서 특히 빛나고 있습니다. ✨ 벚꽃 🌸 시즌, 단풍 🍁 시즌 또는 눈 ❄️ 시즌을 따라 잡지 않으면 후지산에 올 것입니다. 후지산 🗻은 일년 내내 다른 매력을 가지고 있기 때문에 후회할 필요가 없습니다. 1. 후지산 등산 입구는 매년 7,8 개월마다 열립니다. 등산을 좋아하는 친구들은 그것을 시도 할 수 있습니다. 산기에서 산 정상까지 10 개의 역으로 나뉘며 등산 버스 🚌을 5 개 역으로 가져갈 수 있습니다. (가장 높은 차량은 5 개 역에만 도달 할 수 있습니다). 여기에서 등산을 시작하십시오. 2. 5개국과 산 정상에 우체국이 있는데, 이는 매우 지역적입니다. 여기에서 기념품으로 집으로 보내는 엽서를 몇 장 사는 것이 좋습니다. 3. 후지산은 해발 3776m로 비교적 높으며 특히 5개 역 이상의 기온이 많이 떨어지고 한여름에도 비교적 춥습니다. 따뜻한 옷을 가져오는 것이 좋습니다. 4. 가와구치코는 후지산 풍경구의 대규모 교통 허브입니다.여기에는 다양한 주요 명소로 가는 셔틀 버스가 있습니다.자유 여행을 하는 친구는 가와구치코로 가서 후지산을 본 다음 버스를 선택할 수 있습니다. 다른 명승지. 도쿄에서 출발하는 경우 신주쿠 버스 터미널에서 후지산으로 가는 직행 버스가 있으며, 현장에서 티켓을 구매하거나 온라인으로 미리 예약할 수 있습니다. 철도 교통의 경우 신주쿠역에서 하차하여 후지큐 라인을 타고 가와구치코역 또는 후지산역에서 하차합니다.",带着俩娃走天下,5,완벽해요!,2,작성일: 2020년 3월 27일
"후지산은 일본에서 가장 높은 봉우리이자 유명한 랜드 마크이자 활화산입니다. 단체 투어의 명소는 일반적으로 후지산을 촬영하기 위해 오시노 마을로 가져 오는 것이 가장 좋은 장소이며, 등산은 일반적으로 5 개 역으로 전문 장비를 변경해야합니다. 기후가 따뜻하기 때문에 산에 눈이 많지 않습니다. 겨울에는 약간의 눈 덮개를 볼 수 있지만 겨울에는 가시성이 높지 않습니다. 당신이 그것을 볼 때, 당신은 매우 운이 좋습니다.",兰馨兰馨,4,최고에요!,14,작성일: 2016년 9월 14일
후지산은 일본에서 좋은 곳입니다.,LucYoung,5,완벽해요!,1,작성일: 2022년 3월 15일
"펀치 카드에 적합한 매우 재미있는 장소, 비용 효율적이고 흥미로운, 기회가 있으면 더 많이 와야합니다",最佳福利锦鲤,5,완벽해요!,0,작성일: 2022년 3월 4일
"그물 빨간색 펀치 카드 성지, 등산은 시간을 정해야하며 정상에 오르기가 쉽지 않습니다. 경치는 좋으며 지팡이를 기다릴 수 있습니다.",James李1972,5,완벽해요!,0,작성일: 2022년 3월 12일
정말 아름답습니다. 나는 잠시 동안 가장 사랑하는 사람을 이곳의 아름다움을 보러 데려 갈 것입니다. 그래서 그녀가 여기의 아름다움을 느낄 수 있습니다.,zjfxfybz,5,완벽해요!,0,작성일: 2022년 3월 5일
MOUNTFUJI는 정말 아름답습니다. 나는 확실히 다시 볼 것입니다!,上东城97,5,완벽해요!,1,작성일: 2022년 3월 4일
일본의 후지산은 아름답게 보이고 경치도 아름답습니다. 유명한 화산은 언제 분화합니까?,我爱丫头,5,완벽해요!,0,작성일: 2022년 3월 14일
일본에 대해 말하면 벚꽃 외에도 유명한 관광지인 후지산도 있습니다.,天使的云飘扬起点,5,완벽해요!,0,작성일: 2022년 3월 11일
"유명한 후지산 🗻, 근처 호수로 가서 온천 여행을 떠나십시오!",一米八斤拷锟斤的喵星人,5,완벽해요!,0,작성일: 2022년 3월 18일
[풍경]보기는 여전히 좋다! [재미] 예! [비용 효율적인] 아주 좋습니다!,会飞的牛哥,5,완벽해요!,0,작성일: 2022년 3월 10일
풍경이 너무 아름답습니다. 나는 정말로 놀고 싶다. 그것은 단지 휴가이다.,百事可乐99,5,완벽해요!,1,작성일: 2022년 3월 22일
"정말 아름답고, 하고, 완벽합니다. 멀리서 보면 동화 속 산처럼 보입니다.",菠萝塔盘尼,5,완벽해요!,0,작성일: 2022년 3월 9일
후지산의 설경은 아름답습니다. 그녀는 태양 아래서 너무 아름답고 감동적인 피부 같은 미인과 같습니다!,阿诚仔,4,최고에요!,3,작성일: 2022년 6월 20일
"아름다운 눈 덮인 산, 상쾌하고 행복하며 내 마음은 문제가 없습니다.",Mary_Kiky_Zhu,5,완벽해요!,0,작성일: 2022년 3월 13일
"나는 세 가지를 기대합니다. 정원의 꽃, 3 월의 새로운 차, 조금 늦습니다.",鸣谦吖,5,완벽해요!,0,작성일: 2022년 3월 7일
아주 좋아 아주 좋아 정말 좋아,永晴-,5,완벽해요!,1,작성일: 2022년 3월 7일
경험은 매우 좋으며 주말에 놀기에 좋은 곳이 있습니다. ✌️✌️,小悠,5,완벽해요!,0,작성일: 2022년 3월 7일
후지산의 B & B 호텔에 머무르는 것은 매우 아름답습니다. 거품 온천도 매우 편안합니다.,zj1028,5,완벽해요!,0,작성일: 2022년 3월 14일
이번 시즌의 후지산은 맨손으로 매우 나쁩니다. 태양을 이용하여 일몰 시간에 오랫동안 사진을 찍고 빛이 후지산에 코트를 입게합니다. 전통적인 의미에서 후지산의 모습입니다.,7daisy7,4,최고에요!,15,작성일: 2016년 10월 15일
일본의 상징은 너무 아름답고 멀리서 보면 갈망스럽고 나쁘지 않습니다.,神秘的逗先森,5,완벽해요!,0,작성일: 2022년 3월 8일
도쿄에서 오사카까지의 신칸센에서 멀리 후지산을 볼 수 있습니다. 충분합니다.,雪莉2022,5,완벽해요!,0,작성일: 2022년 5월 27일
가게 장식은 매우 독특하고 📷 사진 촬영에 매우 적합합니다.,精光葫芦娃,5,완벽해요!,0,작성일: 2022년 3월 9일
"[풍경] 나쁘지 않다, 나는 [재미] 흥미로운 [가성비] 좋은 느낌",M24***94,5,완벽해요!,0,작성일: 2022년 3월 9일
배송할 수 있는 느낌은 다르다 다른 느낌은 이렇다,vitallee,5,완벽해요!,0,작성일: 2022년 3월 7일
현지인이 무엇이든 매우 아름답습니다! 경치는 좋습니다!,桀骜不训,5,완벽해요!,0,작성일: 2022년 3월 14일
일본에서 가장 아름다운 후지산은 매년 벚꽃을 즐기기에 가장 좋은 계절입니다.,蓝月湖的缘,5,완벽해요!,0,작성일: 2022년 3월 10일
우리가 마지막으로 후지산에 갔을 때 바람과 비와 안개가 끼었습니다.,思远湖,5,완벽해요!,0,작성일: 2022년 3월 9일
"매우 아름답고 멋진 후지산, 당신이 그것을 볼 수있는 기회가 있습니다.",卫宝宝的奶奶,5,완벽해요!,0,작성일: 2022년 3월 13일
이것은 정말 동화 나라입니다. 정말 아름답고 완벽합니다. 환경은 말하지 않았다,如意葫,5,완벽해요!,0,작성일: 2022년 3월 8일
[풍경] 매우 아름다운 [재미] 좋은 [가성비] 좋은,アンパンマン,5,완벽해요!,0,작성일: 2022년 3월 14일
일본의 상징은 아름답고 매년 특정 계절에 등반 할 수 있습니다.,额外奖励,5,완벽해요!,0,작성일: 2022년 3월 8일
여기의 풍경은 정말 아름답습니다. 모든 것이 탁 트인 전망을 제공합니다!,纳舒厄汤,5,완벽해요!,0,작성일: 2022년 3월 7일
"후지산은 일본의 상징이자 일본에서 가장 높은 산입니다. 사실 후지산은 국유가 아니라 일부는 사유지로, 정확히는 신사 소유이며 관심있는 친구는 검색 할 수 있습니다. 후지산의 측정 단위는 ""국가""이며, 총 10 개국이며, 차량이 도달 할 수있는 산 중턱은 5 개국의 중요한 알림입니다. 산은 매우 춥고 일년 내내 눈이 내리고 있습니다. 하나는 보온에주의를 기울이고 두 번째는 휴대 전화입니다. 오래된 사과는 얼어 붙었습니다.",梦醒,5,완벽해요!,2,작성일: 2020년 12월 3일
"후지산은 도쿄에서 남동쪽으로 약 100km 떨어진 혼슈 섬의 남중부에 위치하고 있으며 높이 3775m의 일본 최초의 봉우리입니다. 후지산은 휴화산으로 최종 분화 시간은 10,000여 년 전으로 거대한 원추형 산을 형성했으며 산의 바닥 둘레는 125km, 산 정상의 분화구는 지름 약 500m, 깊이 약 250m입니다. 후지산은 일본인이 숭배하는 성산으로 항상 현지에서 참배와 등산 활동이 있습니다. 관광객들은 일반적으로 후지산 근처의 작은 마을을 선택하고 전망대에서 멀리서 사진을 찍습니다. 관광객들이 등산을 원할 경우 전문 가이드가 필요하며 필수품을 미리 준비해야 합니다.",渭南松赞干布,5,완벽해요!,0,작성일: 2020년 7월 2일
상황을 이해하십시오. 나쁘지 않습니다! 볼 가치가있는,M23***53,5,완벽해요!,0,작성일: 2022년 6월 19일
장엄하고 웅장하며 일본 문화의 특징이 풍부한 자연 경관.,素素77,5,완벽해요!,0,작성일: 2022년 3월 20일
"이 인생에서 꼭 가야 할 곳, 너무 아름답고 후지산은 매우 아름답습니다.",素素77,5,완벽해요!,0,작성일: 2022년 3월 19일
[풍경] 좋은 [재미] 가득한 [비용 효율적인],大众夏朗,5,완벽해요!,0,작성일: 2022년 3월 19일
"쾌적한 풍경, 쾌적한 풍경, 쾌적한 풍경, 쾌적한 풍경",天天78,5,완벽해요!,0,작성일: 2022년 3월 16일
굉장합니다. 어느 계절이 꽤 아름답습니다.,大胖孩儿,5,완벽해요!,0,작성일: 2022년 3월 8일
아름답고 아름답고 깨끗하고 깨끗하고 깨끗하고 좋습니다.,诱惑是毒药,5,완벽해요!,0,작성일: 2022년 3월 14일
풍경은 아름답고 사람들은 오래 머물며 매료됩니다.,Xyq0330,5,완벽해요!,0,작성일: 2022년 3월 10일
[가성비] [재미] [풍경] 좋아 좋아 좋아 좋아,hys430,5,완벽해요!,0,작성일: 2022년 3월 7일
"일본의 상징적 인 의미, 풍경은 매우 좋으며 방문할만한 가치가 있습니다.",BLUE1977,5,완벽해요!,0,작성일: 2022년 3월 7일
정말 아름답습니다 ~ 아름다운 느낌이 너무 좋습니다,M20***11,5,완벽해요!,0,작성일: 2022년 3월 5일
[풍경] 아름다운 [재미] 좋은 [가성비] 좋은,アンパンマン,5,완벽해요!,0,작성일: 2022년 6월 12일
아주 좋아! ! ! ! ! ! ! ! ? ? ? ?,伊恩007,5,완벽해요!,0,작성일: 2022년 3월 21일
그림처럼 아름답습니다. 한 번 가본 적이 있습니다.,戦,5,완벽해요!,0,작성일: 2022년 3월 19일
방문할만한 가치가 있으며 풍경은 아름답습니다. 가족을 데려가십시오.,风塞卡,5,완벽해요!,0,작성일: 2022년 3월 15일
"너무 아름답고 매력적인 풍경, 비용 효율적이며 매우 동경합니다.",柠檬雨点,5,완벽해요!,0,작성일: 2022년 3월 12일
"겨울의 산의 눈, 하얀 눈:",贰黑哥,5,완벽해요!,0,작성일: 2022년 3월 12일
"나쁘지 않음, 좋음, 좋음, 좋은 위치, 편리한 주차",結楊li,5,완벽해요!,0,작성일: 2022년 3월 12일
나는 3 년 전에 두 번 거기에 있었고 전염병 후에 다시 갔다.,边走边照,5,완벽해요!,0,작성일: 2022년 3월 10일
"아주 좋은 곳, 자주 놀러 올 수 있습니다.",智德君,5,완벽해요!,0,작성일: 2022년 3월 10일
"아주 좋은 곳, 정말 아름답지만 불행합니다!",记印象,5,완벽해요!,0,작성일: 2022년 3월 9일
"좋은 풍경, 특히 아름다운 곳",Captain Lee666,5,완벽해요!,0,작성일: 2022년 3월 8일
"아름다운 풍경, 눈과 푸른 소나무 산, 정말 좋습니다.",平湖高峡,5,완벽해요!,0,작성일: 2022년 3월 8일
"정말 아름답고, 너무 아름답고, 자연스럽습니다.",超哥有安排,5,완벽해요!,0,작성일: 2022년 3월 7일
"매우 아름다운 장소, 환경이 매우 좋고 편안합니다.",汽水盖的天空,5,완벽해요!,0,작성일: 2022년 3월 7일
"후지산 아래의 매우 아름다운 풍경, 그것을 추천합니다 ~",7DingBo,5,완벽해요!,0,작성일: 2022년 3월 7일
"좋은 장소, 사람들을 편안하고 행복하게 만듭니다.",三穆里尼奥三,5,완벽해요!,0,작성일: 2022년 3월 7일
벚꽃 시즌의 후지산의 아름다움은 사람들을 편안하고 행복하게 만듭니다.,sachetmengmeng,5,완벽해요!,0,작성일: 2022년 3월 7일
"후지산을 감상하기 좋은 곳, 바로 여기로 오세요",NickH,5,완벽해요!,0,작성일: 2022년 6월 8일
"시간이 있고 기회가 있으면, 당신은 그것을 보러 가야합니다.",爱出走的人生,5,완벽해요!,0,작성일: 2022년 3월 16일
"아주 좋은 산, 그것은 놀 가치가 있습니다.",向尖子班跨步的卫宝宝,5,완벽해요!,0,작성일: 2022년 3월 10일
"방문할만한 가치가있는 곳, 모두에게 올 것을 권장합니다.",伊洛伊洛萧统,5,완벽해요!,0,작성일: 2022년 3월 9일
"깨끗하고 깔끔한 환경, 좋은 서비스, 저렴하고 좋은 품질, 적극 권장합니다.",xxmcd,5,완벽해요!,0,작성일: 2022년 3월 8일
일본의 후지산은 일본의 상징적인 포인트입니다.,牛气冲天。,5,완벽해요!,0,작성일: 2022년 3월 7일
경치가 아름답고 경치가 좋으며 돌아 오는 것을 잊어 버립니다.,花生娘,5,완벽해요!,0,작성일: 2022년 3월 6일
"아름다운 풍경, 깨끗하고 깔끔한 비용 효율적입니다.",积分优惠,5,완벽해요!,0,작성일: 2022년 3월 31일
이 곳은 너무 아름답습니다. 거기에 있었던 사람들은 좋은 말을합니다.,永恒de国度,5,완벽해요!,0,작성일: 2022년 3월 20일
"[풍경] 후지산 정상, 아름다운 풍경, 좋은",Jiang_800831,5,완벽해요!,0,작성일: 2022년 3월 18일
일본의 상징적 인 명소는 화산이며 매우 아름답습니다.,Inoculate,5,완벽해요!,0,작성일: 2022년 3월 13일
방문할만한 가치가 있으며 경치가 좋고 가격이 적당합니다.,东望战点,5,완벽해요!,0,작성일: 2022년 3월 10일
[풍경] [재미] [가성비] 좋음,爱将儿,5,완벽해요!,0,작성일: 2022년 3월 9일
"방문할만한 가치가있는 곳, 모두에게 추천",马普尔太太,5,완벽해요!,0,작성일: 2022년 3월 9일
"맛이 좋고, 환경이 좋으며, 추천할만한 가치가 있습니다.",岚岚💕,5,완벽해요!,0,작성일: 2022년 3월 9일
풍경이 아름답고 교통이 편리하며 여행에 적합합니다.,浪子,5,완벽해요!,0,작성일: 2022년 3월 8일
"나쁘지 않습니다, 환경도 꽤 좋습니다!",jnwhp,5,완벽해요!,0,작성일: 2022년 3월 8일
"놓칠 수 없는 아름다움, 그림은 매우 편안합니다!",M36***23,5,완벽해요!,0,작성일: 2022년 3월 7일
"정말 아름답고, 매우 아름답습니다.",M47***52,5,완벽해요!,0,작성일: 2022년 3월 5일
후지산에 처음 갔고 5초메까지 걸어갔습니다.,卖菜的猫,5,완벽해요!,0,작성일: 2022년 3월 6일
"오래된 공개 회의에서 우리는 후지산에 그룹을보고했지만 벚꽃이 막 지나갔지만이 전설적인 신성한 장소를 잘 볼 수 있습니다. 우리가 떠났을 때, 우리는 조금 추웠지만 날씨가 너무 좋았습니다. 멀리서 눈 덮인 산을 볼 수 있었고, 산기까지 그를 보았습니다.",绿带小米,5,완벽해요!,0,작성일: 2020년 6월 6일
"우리는 가케가와 꽃과 새 정원에서 나와 후지산으로 직진했습니다. 운이 좋았습니다. 멀리서 후지산의 눈 꼭대기를 보았습니다. 태양 아래서 매력적인 광채를 발산했습니다. 우리는 차 안에서 🥰 휴대 전화를 꺼내서이 드문 장관을 촬영하는 것에 흥분했습니다. 더 가까이, 후지산의 머리 꼭대기에 매달려있는 큰 흰색 뚜껑이 있습니다. 운전자의 주인은 이것이 성산이라고 말했습니다.이 장면을 볼 수있는 사람들은 일년 동안 부드럽고 안전 할 것입니다. 아미타 부처님, 감사합니다 🙏 성산 대선 😄",linglizi,5,완벽해요!,1,작성일: 2020년 11월 23일
"우리는 마침내 후지산의 4 개 지점에 도착했고, 후지산에서 내려다 볼 수있었습니다. 산을 오르는 과정에 대해 더 신경을 쓰는 것 같습니다. 멀리서 후지산을 보는 것은 즐거움입니다. 산에 도착했을 때, 나는 전체 그림을 볼 수 없었고, 그렇게 행복하지 않을 것입니다.",绿带小米,5,완벽해요!,1,작성일: 2020년 6월 14일
도카이도선을 타면 천천히 후지산을 감상할 수 있습니다.,しゅん太郎,5,완벽해요!,0,작성일: 2022년 6월 17일
일본에서 가장 높은 산이지만 Lushan의 진정한 모습을 보려면 운을 요구해야합니다.,Kalailili,5,완벽해요!,0,작성일: 2022년 6월 8일
"올라가도 좋고, 바라 보는도 좋다.일본이 자랑하는 세계 유산입니다.",wchisatow,5,완벽해요!,0,작성일: 2022년 1월 21일
"후지산은 일본 국민의 상징인 ""성산""으로 알려져 있습니다. 일본의 국가 상징 중 하나로 세계적으로 유명합니다.",景色天空,4,최고에요!,0,작성일: 2022년 3월 6일
길가에 눈이 내리고 딸이 기뻐하며 이번 시즌에 눈을 보는 것은 쉽지 않습니다. 후지산에서 볼 수 있습니다. 우리는 산 꼭대기에 더 기대하며 딸은 언제 도착했는지 묻기 시작합니다.,绿带小米,5,완벽해요!,1,작성일: 2020년 6월 7일
"후지산 아래는 지금은 매우 조용하고, 때때로 거리에 차량이 있지만 보행자는 거의 없습니다. 도쿄는 아직 완전히 회복되지 않았습니다. 계속 응원하십시오. 아름다운 후지산 아래에서 곧 관광객이 돌아올 수 있기를 바랍니다.",小小绿带爆米花,5,완벽해요!,1,작성일: 2020년 5월 25일
"후지산은 일본 열도의 중앙에 위치한 활화산으로 시즈오카현과 야마나시현에 걸쳐 해발 3,776m로 일본에서 가장 높은 산입니다. 후지산의 경사면은 산 정상에서 아래로 매끄러운 곡선으로 뻗어 있으며 산기의 들판은 멀리까지 뻗어 있습니다. 우뚝 솟은 아름다운 자세가 매혹되어 후지산을 어내는 시와 후지산을 묘사한 그림이 많이 탄생했지만 화산이 폭발하면 또 다른 무서운 모습을 보여줍니다. , 그래서 사람들이 믿는 ""성산""이 되었습니다.",Harry,5,완벽해요!,0,작성일: 2020년 3월 2일
"유명한 후지산은 항상 어렴풋이 나타나며, 맑은 날에도 실제 모습을 드러내기가 어렵습니다! 오만하고 차가운 후지산은 실제로 수줍은 아름다운 소녀입니다! 매일 구름에 숨어 세상의 아름다움을 몰래 엿보고 있습니다! 당신은 사라지고, 내가 만날 수있는 것이 무엇인지 이해하게하십시오! 몇 초간의 만남은 나를 행복하게 만들었습니다! 일본 친구들은 전체 그림을보고 싶다면 후지산 기에 살고 있다고 말했습니다. 많은 온천 호텔이 있습니다. 후지산이 실제 모습을 드러낼 때 누군가가 서로를 말하게 될 것입니다!",西等记忆,5,완벽해요!,0,작성일: 2020년 2월 10일
"누가 올라간지 알고있는 사람은 실제로 손과 발을 사용하여 올라갑니다 ... 보통 운동이 부족합니다. 산을 오르는 것은 참을 수 없습니다 ... 오후 8시에 산을 오르고 다음날 오후 8시에 움직입니다. 나 자신을 도왔습니다 ... 지난번에 태풍을 따라 8.5에 올라갔습니다. 이번에는 신이 눈을 뜨게했습니다. 마침내 나는 산 꼭대기에서 일출을 보았고 만족했다! 정상에 오르면 이미 반쯤 무너졌고, 정상을 한 주 동안 견디고 있어야하며, 스스로를 측정하지 않습니다. 산을 9 시간, 정상을 4 시간, 산을 6 시간 동안 내려갑니다 ... 운동이 부족한 사람들은 그것을 참조 할 수 있습니다. 산을 내려간 후 발은 걷지 못합니다 ... 그러나, 나는 여전히 다시 오르고 싶습니다! 풍경은 훌륭합니다. 나는 오르지 않고 화산을 오르는 것이 어떤 느낌인지 이해할 수 없다.",Jessie,5,완벽해요!,28,작성일: 2015년 11월 6일
"아름다운 후지산 🗻, 언제 안심하고 여행 할 수 있는지 모르겠습니다. 전염병이 빨리 지나가기를 기도하십시오. 🙏",rain,4,최고에요!,0,작성일: 2022년 3월 11일
후지산은 정말 아름답습니다. 방문할만한 가치가 있습니다. 공기가 좋고 경치가 좋습니다. 설날이 일본 새해입니다. 많은 사람들이 그림처럼 아름답고 관광객들이 직조되어 있습니다. 적극 권장합니다. 👍👍,M61***11,5,완벽해요!,1,작성일: 2020년 7월 11일
"후지산은 일본의 유명한 활화산이자 일본의 정신과 문화의 상징입니다. 후지산은 해발 3,000m가 넘고 상부는 눈으로 덮여 있으며 멀리서 보면 구름에 우뚝 솟아 있으며 위엄이 높고 곧고 장엄합니다. 비행기를 타면 후지산이 하늘에 똑바로 뻗어있는 장관을 볼 수도 있습니다. 후지산은 또한 일본을 여행하는 관광객들이 자주 체크인하는 장소 중 하나입니다.",独行的蜗牛🐌,5,완벽해요!,1,작성일: 2020년 4월 12일
좋은 날씨를 따라 잡지 못했지만 산의 끝을 보았지만 어머니는 여전히 매우 행복했습니다. 투어 가이드는 그녀가 찍은 슈퍼 아름다운 사진을 나에게 보내주었습니다. 다음에 맑은 날을 따라 잡을 수 있기를 바랍니다. 아름다운 후지산을 찍어주세요!,Leilei186189,5,완벽해요!,0,작성일: 2020년 5월 8일
풍경은 독특하고 눈이 내리는 화산은 특별한 맛이 있습니다.,白色的情人节，,4,최고에요!,1,작성일: 2022년 3월 10일
아름다운 곳! 아름다운 환경! 방문할만한 곳! 좋아요 👍,56789lili,4,최고에요!,0,작성일: 2022년 3월 19일
"멋진 풍경, 천국의 승리를 경험하고, 인생의 철학을 느끼십시오.",难忘一抹旧时香、,4,최고에요!,0,작성일: 2022년 3월 15일
후지산의 아름다움은 언어로 설명하기가 정말 어렵습니다. 거기에 가면 그것을 경험할 수 있습니다!,妞妞80,4,최고에요!,0,작성일: 2022년 3월 7일
이 장소는 여전히 좋은 선택입니다. 옳습니다. 우리 모두는 이렇습니다.,沉-默-是-金,4,최고에요!,0,작성일: 2022년 3월 12일
일본의 후지산은 특히 겨울에 매우 아름답고 장관입니다.,欢乐宋-999,4,최고에요!,0,작성일: 2022년 3월 14일
[풍경] 아름다운 [재미] 재미 [비용 효율적인] 방문할만한 가치가 있습니다.,Tony wu老吴头,4,최고에요!,0,작성일: 2022년 3월 11일
환경이 정말 좋습니다. 원하는 사람이라면 누구나 가서 경험할 수 있습니다.,Uyan,4,최고에요!,0,작성일: 2022년 3월 8일
"매우 아름답고, 화산이며, 동부 국가의 상징이기도합니다.",VankeC,4,최고에요!,0,작성일: 2022년 3월 7일
나는 오랫동안 해외에 가지 않았고 후지산에서의 날을 정말로 그리워합니다.,pop10000,4,최고에요!,0,작성일: 2022년 3월 5일
"후지산은 일본에서 유명한 산으로 도쿄에서 약 80km 떨어진 혼슈 섬의 중남부에 위치하며 시즈오카현과 야마나시현 사이입니다. 후지산은 해발 3,700미터가 넘고 하네다 공항으로 날아가면 비행기에서 우뚝 솟은 후지산의 장엄한 광경을 볼 수 있어 매우 충격적이고 아름답습니다. 후지산은 일본 정신과 문화의 상징 중 하나이며 일본 사람들의 마음에 아름답고 엄숙한 신성한 산입니다.",格格,5,완벽해요!,0,작성일: 2020년 4월 11일
후지산은 어떻게 보면 매우 아름답습니다. 많은 일본인의 마음에는 자연의 매력이 담긴 아름답고 엄숙한 신성한 산입니다. 후지산은 원 모양이며 산 정상에는 일년 내내 눈이 있습니다. 후지산 기 주변에는 5개의 민물 호수가 있습니다. 후지산을 둘러싼 많은 관광 명소가 있으며 사계절 아름다운 풍경을 자랑합니다.,ROSE-VIOLET,5,완벽해요!,0,작성일: 2020년 3월 16일
특별한 풍경이있는 비교적 좋은 곳입니다.,hongyuanAA,4,최고에요!,0,작성일: 2022년 3월 19일
[풍경] 잘생겼다 [재미] 좋다 [가성비] 예,锦鲤罗西尼耶夫,4,최고에요!,0,작성일: 2022년 3월 8일
[풍경] 슈퍼 좋은 [재미] 좋은 [비용 효율적인] 높은,我是可爱小公主,4,최고에요!,0,작성일: 2022년 3월 5일
후지산 아래의 벚나무는 다시 만개한 계절입니다.,hanweimin,4,최고에요!,0,작성일: 2022년 3월 14일
좋아 좋아 좋아 좋아 좋아 좋아 좋아 좋아 좋아 좋아 좋아 좋아 좋아 좋아 좋아 좋아 좋아 좋아 좋아 좋아 좋아 좋아 좋아 좋아 좋아 좋아 좋아 좋아 좋아 좋아 좋아 좋아 좋아 좋아 좋아 좋아 좋아,合伙人&,4,최고에요!,0,작성일: 2022년 3월 13일
이것은 안가는 것이 유감입니다. 더 유감스러운 곳으로갔습니다.,雪莉2022,4,최고에요!,0,작성일: 2022년 3월 12일
꽤 좋아. . . . . . . . . . . . . .,wangli125125,4,최고에요!,0,작성일: 2022년 3월 12일
"[풍경]은 아름답습니다, [비용 효율적인] 괜찮습니다.",justinlzx,4,최고에요!,0,작성일: 2022년 3월 7일
"[풍경] 말할 것도없고, 아름다움은 옳고, 환경은 좋습니다.",yangyangmane,4,최고에요!,0,작성일: 2022년 3월 6일
여기의 풍경은 정말 좋고 환경은 정말 좋습니다!,精彩佳琦,4,최고에요!,0,작성일: 2022년 3월 18일
풍경은 정말 아름답습니다. 흰색은 다른 세계에서 왔습니다.,驻村干部,4,최고에요!,0,작성일: 2022년 3월 12일
적도에서 가장 가까운 눈 덮인 산들은 그 나라를 좋아하지 않습니다.,misted0,4,최고에요!,0,작성일: 2022년 3월 12일
"매우 아름다운,,,,,,,. . . . . . .",朱朱小云,4,최고에요!,0,작성일: 2022년 3월 11일
[풍경] 나는 말할 필요가 없다. 나는 여전히 가고 싶다.,小L601,4,최고에요!,0,작성일: 2022년 3월 6일
아름답지만 너무 춥습니다. 그러나 방문할만한 가치가 있습니다.,hj0920,4,최고에요!,0,작성일: 2022년 3월 5일
전염병이 빨리 사라지기를 바랍니다. 가서 볼 수 있습니다! !,jessielch,4,최고에요!,0,작성일: 2022년 3월 19일
[풍경] 정말 아름답습니다. [비용 효율적인] 괜찮습니다.,M43***67,4,최고에요!,0,작성일: 2022년 3월 10일
좋아 좋아 좋아 좋아 좋아 좋아 좋아 좋아 좋아 좋아 좋아 좋아 좋아 좋아 좋아 좋아 좋아 좋아 좋아 좋아 좋아 좋아 좋아 좋아 좋아 좋아 좋아 좋아 좋아 좋아 좋아 좋아 좋아 좋아 좋아 좋아 좋아,Wendy890523,4,최고에요!,0,작성일: 2022년 3월 9일
일본의 후지산은 세계적으로 유명합니다. .,Felix.Lu,4,최고에요!,0,작성일: 2022년 3월 20일
"좋은 경치 중 하나, 아름다운 풍경과 그림 같은",chen_ssi212,4,최고에요!,0,작성일: 2022년 3월 12일
꽤 좋아 보이지만 전염병이 심각하고 감히 가지 않습니다.,xiaojunyeye,4,최고에요!,0,작성일: 2022년 3월 9일
다시 갈 가치가있는 멋진 장소처럼,nini.ly,4,최고에요!,0,작성일: 2022년 3월 7일
"좋아, 다시 갈 가치가있는 곳",Vivi Vivi,4,최고에요!,0,작성일: 2022년 3월 7일
"아주 좋아, 당신은 가서 볼 수 있습니다, 풍경은 좋습니다!",东方维恩-佑熙,4,최고에요!,0,작성일: 2022년 3월 7일
이것은 다시 올 가치가있는 좋은 장소입니다.,shudaibear,4,최고에요!,0,작성일: 2022년 3월 6일
갈 가치가 있습니다. 방문 할 시간이 있습니다.,吃锦鲤的戚先生,4,최고에요!,0,작성일: 2022년 3월 5일
"전설, 풍경, 성질이있는 일본 랜드 마크 후지산은 갈 때 운이 좋았습니다. 멀리서 흰 모자를 쓴 후지산은 조용한 풍경을 포용합니다. 후지산의 맑은 끝은 구름 뒤의 태양에 의해 빛나고 있습니다. 산 전체가 눈부십니다!",老王1954,5,완벽해요!,1,작성일: 2020년 3월 20일
"특히 아름다운 산, 멋진 풍경. 방문, 잘못 읽은, 아름다운 풍경에 매우 가치가 있습니다!",大吕哥哥😏,5,완벽해요!,0,작성일: 2021년 5월 9일
가야 해,xdizzydust,5,완벽해요!,0,작성일: 2022년 5월 13일
"후지산의 모습은 일년 내내 다릅니다. 나는 여름, 눈이 녹고 완전히 검은 후지산을 보았습니다. 이번에는 실제로 ""녹은 아이스크림""이되었습니다. 5 개국에는 많은 기념품이 판매되고 있으며, 그 위에는 상점이 없습니다.",139***60,5,완벽해요!,0,작성일: 2020년 1월 19일
"일본에 도착한 후, 나는 항상 흐렸다. 후지산을 방문 할 때 날씨가 맑을 것이라고 기대하지 않았다. 유일한 후회는 기후가 따뜻해지고 산 정상에 눈이 없지만 후지산의 웅장한 머리는 바뀌지 않았다. 산은 매우 녹색이며 관광 시설은 매우 완벽합니다. 5개 역과 Xiaoguyue 전망대에 서서 멀리 들판과 멀리 산과 5개의 호수의 아름다운 풍경을 볼 수 있습니다. 산에는 많은 일본인들이 등반을 하고 있으며, 모두 훈련을 받았고, 코치와 리더가 있고, 장비도 매우 완벽합니다.",青竹散人,5,완벽해요!,28,작성일: 2015년 12월 8일
일본에 오는 가장 큰 이유는 후지산입니다. 나는 아침 5시에 일어나서 여러 트램을 돌고 후지 급행선을 타고 후지산으로 갔다가 후지산을 따라 돌았습니다. 가을의 붉은 단풍은 아름답습니다. 후지산을 볼 수있는 특별한 관광 버스가있을 것입니다. 피곤하면 버스를 탈 수 있으며 후지산 주변에 이틀 동안 머물지 않은 것을 후회합니다. 특히 갈 가치가있는 곳.,Camillia,5,완벽해요!,6,작성일: 2015년 11월 25일
"아름다운 풍경, 쾌적한 기후, 매우 상쾌한",M24***88,5,완벽해요!,0,작성일: 2021년 3월 28일
진짜 얼굴을 보기는 여전히 어렵고 좋은 날씨가 필요합니다.,leqinwei,5,완벽해요!,0,작성일: 2021년 3월 19일
그래서 후지산은 자연적으로 완벽한 걸작입니다.,哈哈乐8,5,완벽해요!,0,작성일: 2021년 2월 16일
후지산은 일본 시즈오카현과 야마나시현에 걸쳐 있는 활화산으로 일본에서 가장 높은 봉우리입니다. 산봉우리는 구름에 우뚝 솟아 있고 산 정상은 눈으로 가득합니다. 후지산 주변에는 후지산의 아름다운 원추형 윤곽이 보입니다.,zhangfeifei,5,완벽해요!,1,작성일: 2020년 3월 5일
후지산은 정말 고전적인 그림입니다. 어느 각도에서 촬영해도 매우 좋습니다. 우리는 5 번 역으로갔습니다. 4 월 말의 날씨는 여전히 춥고 산은 눈으로 가득합니다. 작은 편의점과 우체국이 있습니다.,cparissh,5,완벽해요!,0,작성일: 2020년 5월 2일
"후지산은 구름 위를 우뚝 솟아 있고, 산 정상은 하얀 눈으로 뒤집힌 부채처럼 되어 있어 '옥부채'라고도 불린다. [6] 후지산의 경사각은 지형에 따라 증가하며 평균 경사각에 따라 세 영역으로 나눌 수 있습니다.",非你不渴,5,완벽해요!,0,작성일: 2020년 4월 10일
일본인의 마음에는 자연의 매력과 아름답고 엄숙한 산이 있습니다. 고대부터 일본 문학가들의 노래의 주제이자 일본인이 존경하는 성지이자 일본 민속 종교의 일부였습니다. 국가 정신력의 힘이 있는 곳,真诚7577,4,최고에요!,1,작성일: 2020년 5월 16일
산 아래에서 하얀 머리의 후지산을 보면 얼마나 많은 신화와 그림이 그려져 있습니까! 구름이없는 푸른 하늘 아래에서 너무 조용해 보입니다. 어머니와 나는 워터밴에 천천히 가까이 올라 산 정상에 올라 산 아래의 풍경을 바라보았다.,小小绿带爆米花,5,완벽해요!,0,작성일: 2020년 1월 11일
아름다운 후지산은 세계 문화 유산입니다. 후지산은 오랫동안 유명하고 경치가 좋습니다. 우리는 산기을 운전하고 있습니다. 판매되는 과일은 신선하고 저렴합니다. 꽃과 식물은 특히 아름답습니다. 불행히도 휴대하는 것은 편리하지 않습니다.,潇逸的珍珠,5,완벽해요!,0,작성일: 2020년 2월 22일
개인적으로 후지산을 멀리 보는 시각적 효과가 더 강하다고 생각합니다. 여름 산 정상의 눈 봉우리가 녹거나 겨울에는 차가운 바람과 눈이 있습니다. 장엄한 풍경은 여전히 전체를 내려다 보는 것이 더 나은 경험을 할 수 있습니다.,汽水盖的天空,5,완벽해요!,0,작성일: 2020년 2월 6일
햇볕이 잘 드는 날에 아름다운 후지산을 찍을 수 있다는 것은 정말 운이 좋았습니다. 후지산의 눈은 태양을 반사합니다. 겨울은 후지산에서 가장 아름다운 계절입니다. 눈 아래에 싸여 있습니다. 정말 아름답습니다.,XXX-Trip,5,완벽해요!,0,작성일: 2020년 2월 2일
매년 봄 벚꽃 축제 기간 동안 후지산의 눈은 녹지 않았으며 후지산을 보면서 벚꽃을 보는 것은 완벽한 일입니다. 후지산은 여전히 매우 마법이며 안개가 자욱하면 나오지 않습니다.,139***60,5,완벽해요!,0,작성일: 2020년 2월 19일
"일본의 후지산은 ""카사 구름""이라는 자연 현상입니다. 멀리서 보면 산의 바람이 실제로 매우 강합니다. 마치 창지산을 보는 것처럼!",紫陌姑娘,5,완벽해요!,0,작성일: 2020년 2월 3일
"이 순간 일본에 들어서면 푸른 하늘, 신선한 공기, 깨끗한 길, 형형색색의 붉은 단풍, 예측할 수 없는 후지산의 섬세하고 사려 깊은 서비스, 일본이 생각보다 좋습니다.",诺伊豪森王仙芝,5,완벽해요!,0,작성일: 2020년 1월 31일
"후지산은 눈이 내리고 있지만 여전히 매우 편안하고 춥지 않으며 매우 기분이 좋으며 눈이 아름답고 아름답고 좋은 선택, 흥미롭고 비용 효율적이며 모두에게 추천 할 가치가 있습니다.",gz当地向导伊妹儿,5,완벽해요!,0,작성일: 2020년 1월 15일
다른 각도에서 후지산을 보면 고요함과 웅장함을 느낄 수 있습니다. 고요함은 눈 덮인 산 꼭대기가 푸른 하늘에 직접 해당하기 때문입니다. 웅장함은 마그마로 형성된 검은 기단 때문입니다.,非你不渴,5,완벽해요!,0,작성일: 2020년 2월 8일
"내가 갈 때, 나는 이미 5 개의 역으로 갈 수있다. 나는 눈 속에서 후지산을 보았다. 이번에는 산 중턱에 도착했다.",Lynn Jiang,5,완벽해요!,0,작성일: 2020년 10월 18일
"2019년 4월, 마침내 후지산의 스타일을 목격했습니다. 후지산은 일본에서 가장 높은 산이며 거대하고 장엄한 산입니다. 그것은 또한 세계에서 가장 큰 활화산 중 하나이며 현재 휴면 상태이므로 우리는 제로 거리를 유지할 수있어서 운이 좋았습니다. 도약 할 때, 도약 할 때, 도약 할 때, 도약 할 때, 도약 할 때, 도약 할 때, 도약 할 때, 도약 할 때, 도약 할 때, 도약 할 때, 도약 할 때, 후지산의 평화롭고 평화로운 아름다움을 느낍니다.",CHONGFU,5,완벽해요!,0,작성일: 2020년 5월 4일
[풍경] 유명한 후지산은 스타일을 볼 수 있습니다. 정말 좋습니다. 전체 그림을보기는 쉽지 않습니다. 시간과 장소와 [재미] 백설의 산 정상이 필요합니다. 날씨가 좋을 때만 만날 수 있습니다. 정말 좋아합니다. 4월과 5월에 벚꽃을 보러 갈 것을 추천합니다.,沈眉庄123,5,완벽해요!,0,작성일: 2020년 3월 7일
"전날 전날 후지산에 도전했습니다! 장비 준비부터 체력 준비까지, 약 3 개월 동안 준비되었습니다. ～ 5 월에 피트니스를 시작한 다음 6 월에 등산기에서 연습을 시작합니다. ～ 일반적으로 체력은 정상이며 운동 후 이전보다 약간 좋습니다. 그리고 정말 너무 고통스러워서 등산 연습을하는 것이 좋습니다! 우리는 약 1:20에 요시다 루트의 5 개 역을 시작했고, 야헤 목적의 ""원조 집""에 있는 산장으로 올라간 것은 오후 6시 30분이었다. 가는 길에 많은 도로가 계단이 아니며 모두 비포장 도로와 화산암입니다. 실제로 지지하기 위해 강력한 체력이 필요합니다. 기본적으로 3-4 또는 4-5 경사면을 멈추고 자신의 건강에 따라야합니다. 자신의 속도로 오르거나 몸이 참을 수 없습니다. 우리 중 3 명은 남자 친구와 남자 친구의 반 친구들과 함께 3 년 전에 한 번 올라 갔기 때문에 이번에는 도쿄 신주쿠에서 가와구치코까지 고속 버스와 산 오두막이 모두 남자 친구입니다. 반 친구들은 미리 예약했다. 산에 물이 공급되지 않기 때문에 모든 것이 기본적으로 4-10 두 배까지 팔립니다. 산에 오르기 전에 약 100엔 동전을 준비해야합니다. 산의 화장실은 약간의 청소 요금을 부과해야하기 때문에 아무도 돌보지 않을 것입니다. 5 개 역은 100 엔을 청구하고 그 후 모든 것이 200 엔, 산 꼭대기의 화장실은 300 엔입니다. 우리가 산에 사는 오두막의 화장실은 갈색이며, 누군가가 화장실을 씻지 않은 것으로 인한 미생물 정화 인 것 같습니다. 산 정상의 화장실은 남녀 공용이며, 문은 남성용 소변기이며, 안으로 들어가는 것은 화장실입니다. 처음에는 남녀가 분리 된 줄 알았는데 나중에는 실제로 함께 있다는 것을 알았습니다. 우리는 전날 산장에 도착한 후 7시에 식사를 시작했고, 카레는 15 분 동안 식사 한 다음 휴식을 취했습니다. 이른바 산장은 실제로 상점입니다. 각 사람은 침낭을 가지고 있습니다. 아침에 일어나서 계속 올라갈 수 있습니다. 일출을 따라 잡을 수 있습니다. 이때 검은 날이기 때문에 헤드 램프가 가장 필요하기 쉽습니다. 우리는 5 개 역에서 헤드 램프와 지팡이를 빌 렸습니다. 산을 내려갈 때 경사가 매우 가파르다. 우리는 6시 미만에 산을 내려 가기 시작했고, 마지막으로 출발 지점에 도착했을 때 10시 30 분 이상이었다. 나는 천천히 걸었기 때문에 정상적으로 3 시간 동안 산을 내려갈 수 있습니다. 산을 내려간 후 무릎이 특히 아프기 때문에 지팡이를 빌려 산을 오르고 내려갈 때 많은 노력을 절약하는 것이 좋습니다. 등산할 때 풍경은 아름답지만, 제 자신의 경우 등반의 노력은 아름다움을 덮고 있으며 아름다움을 즐기는 기분과 체력은 없습니다. 그러나 일출을보고 산 꼭대기에 오르면 그만한 가치가 있다고 생각합니다. 이것은 자신에게 도전입니다!",小肥猪强强,4,최고에요!,15,작성일: 2018년 8월 20일
"후지산 (일본어 가명 : 후지산, 영어 : 후지산)은 일본에서 가장 높은 봉우리이며 일본의 중요한 국가 상징 중 하나입니다. 후지산은 두꺼운 구름에 숨겨져 있습니다. . 이번에는 태풍이 지나갔습니다. 비가 내리고있었습니다. 나는 진정한 모습을 볼 수 없었다. 산 꼭대기의 우체국에는 메모지가 덮여 있습니다. 엽서를 보냈습니다.",_CF***75,5,완벽해요!,6,작성일: 2016년 9월 29일
도쿄에서 후지산까지 후지큐 고속 버스를 타는 것이 가장 편리합니다. 출발은 신주쿠 역 맞은 편 버스 터미널에서 출발합니다. 후지 고후 호수 주변의 많은 곳에서 후지산을 볼 수 있으며 많은 호텔에는 산이 보이는 객실이 있습니다. 그러나 날씨가 좋지 않을 때 구름과 안개로 덮일 것입니다. 도쿄로가는 비행기에서 후지산의 일출 장면도 보았습니다.,小亚到处看看,5,완벽해요!,10,작성일: 2016년 8월 14일
"이른 아침에 가면 후지산의 선명하고 아름다운 반사를 찍을 수 있고, 산으로 운전하면 산 정상에 큰 종을 볼 수 있습니다. 산 정상에 도착하는 시간을 정확하게 알려줍니다. 케이블카를 타면 산에 아름다운 자연 얼음 조각을 볼 수 있고, 큰 종을 울립니다. 친척과 친구들에게 당신이 최고봉에 올랐다고 말하십시오! 방문할만한 가치가 있습니다!",131***39,5,완벽해요!,6,작성일: 2016년 1월 14일
"후지산은 해발 3776m의 시즈오카현과 야마나시현에 걸쳐 있으며, 이 휴면 화산은 일본에서 가장 높은 봉우리이며, 평화 공원은 후지산을 내려다 보는 벚꽃을 즐기기에 좋은 장소입니다.",13901694958,5,완벽해요!,0,작성일: 2020년 1월 27일
후지산은 실제로 멀리서 매우 아름답고 사진을 찍기에 적합합니다. 산 아래의 명소와 마을은 정말 평균입니다. 큰 의미는 없습니다. 식사를하는 것뿐입니다. 후지큐 공원에 가서 놀거나 쇼핑을하는 것이 좋습니다. 아울렛,普普君君,4,최고에요!,0,작성일: 2020년 2월 22일
"후지산의 20 년 빙하 물의 장수를 마시고 ""후지산 아래""를 노래했습니다 ... 도쿄 여행은 아침 일찍부터 세상보다 멀었습니다. 누구나 손을 품고 있기는 어렵습니다. 당신은 그것을 가지고 있습니다. 당신은 그것을 잃는 방법을 이해해야합니다. 눈길을 따라 수영하는 법을 이해해야합니다. 왜 좋은 일에 눈물을 흘릴 수 있습니까? 개인 소유",Sally823,5,완벽해요!,6,작성일: 2016년 11월 10일
"후지산 옆에서 목욕을 하는 일본식 여관, 후지인경 후지 5호의 가와구치호는 후지산을 볼 수 있는 최고의 장소입니다. 날씨가 좋으면 호수 주변을 둘러싸고 후지산이 주변에 있으므로 가와구치호에 위치한 유명한 일본식 호텔이 많이 있습니다. 후지인징은 가와구치호에서 가장 좋은 후지산 전망과 가장 비용 효율적인 일본식 호텔입니다! 따라서 최소 2 개월 전에 예약하십시오. 휴일 인 경우 최소 3 개월 전에 예약하십시오. 그렇지 않으면 실제로 설정할 수 없습니다! 가와구치코 온천에서 가장 좋은 위치에 있으며 가와구치코 역에서 차로 10 분 거리에 셔틀 버스가 있습니다 (14:30-19:00 픽업, 8:00-10:00 드롭 오프) : 비교할 수없는 ""후지미 수프""노천, 후지 은경의 노천은 ""후지미 수프""라고도하며, 고급 온천에서 휴식을 취합니다. 후지산과 가와구치호의 장엄한 경치를 즐기면서 온천수의 세례를 즐기면서 인생은 정말 아름답습니다. 후지산과 가와구치호의 좋은 위치 후지산의 위치와 비교하면 후지산을 배경으로 할 수있는 호수입니다. 후지산은 원형 화산이기 때문에 달리는 데 문제가 없지만 가와구치호의 훌륭한 위치는 의심의 여지없이 최고입니다. 방해물도 없고 볼거리도 있습니다. 사실 가와구치코에는 위치, 가격, 온천, 요리 등 많은 일본식 호텔이 있습니다. 후지인징은 타의 추종을 불허합니다. 전통적인 일본식 다다미와 유카타, 후지 은경의 유카타 선택은 너무 많습니다. 객실 자체에서 제공되는 유카타 가운 외에도 1 층에서 개인 취향에 따라 색상을 선택할 수 있습니다. 남성과 여성은 많은 색상이 있습니다. ～ 동시에 나무도 호텔 문에 있습니다. 입고 돌아 다닐 수 있습니다. 매우 편리합니다.",环游世界的黛恩恩,5,완벽해요!,1,작성일: 2019년 12월 13일
"특히 아름다운, 좋은 카메라와 함께 겨울의 맑은 날에 와야합니다, 그것은 너무 아름답습니다, 일본에서 가장 아름다운 풍경, 후지산의 눈, 케이크에 뿌린 크림, 정말 놀랍습니다!",胡大老顽童,4,최고에요!,0,작성일: 2020년 1월 6일
후지산은 정말 아름답습니다. 일본에는 산이 거의 없습니다. 볼 수있는 산이이 산입니다. 후지산도 매우 재미 있고 우체국은 매우 흥미로운 곳입니다.,我想遇到你,4,최고에요!,0,작성일: 2020년 5월 23일
"일본에는 산이 적지 만 후지산은 정말 아름답습니다. 멀리서 산을 보지 않을 때, 우리는 매우 아름답고 가까이서 보는 것보다 더 아름답다고 느낍니다. 내부에는 많은 관광 명소가 있습니다!",我想遇到你,4,최고에요!,0,작성일: 2020년 5월 6일
"일본, 후지산, 산기. 산에 올라가려면 더 많은 옷을 입으십시오.",时间停驻,5,완벽해요!,0,작성일: 2020년 4월 2일
후지산은 원 모양으로 일년 내내 눈으로 덮여 있어 자연의 매력을 매우 강조합니다.많은 영화와 TV 작품이 그것을 묘사하고 있으며 전 세계 관광객들이 붐비는 관광지 중 하나이기도 합니다.,M22***63,4,최고에요!,0,작성일: 2020년 3월 7일
"정말 아름답습니다. 특히 후지산은 사람들에게 매우 엄숙한 느낌을 주며 더 아름답습니다. 사람들은 말할 수 없다고 느끼게합니다. 어쨌든, 나는 그것을 촬영 할 수 없으며 매우 아름답습니다.",趴在墙头,4,최고에요!,0,작성일: 2020년 1월 6일
"그것을 보러가는 것이 좋다, 풍경이 정말 좋다, 그리고 산을 지나갈 때 스발루 트랙이있다, 그것은 시험 도로라고 말했다. 음악이있는 길도 있고, 나는주의 깊게 듣지 않았다. 그러나 일반적으로 5 개 역으로 차를 타고 올라가면 스스로 가야합니다. 우리는 산 중턱에서 매우 추워졌습니다. 산에 눈이 내리는 것을 보면 온도가 낮지 않아야합니다. 지금은 가지 않으므로 참고 용으로 작성합니다.",加图22,5,완벽해요!,4,작성일: 2018년 2월 21일
"일본에서 가장 높은 봉우리이자 살아있는 화산으로 계절마다 다양한 자연 경관을 느낄 수 있습니다. 나는 겨울을 정말 좋아한다. 산 꼭대기의 흰 눈은 멀리서 매우 아름답고 감동적이다. 산에서 하룻밤을 묵고 다음날 아침 일출을 보기 위해 일어나는 것도 아름답고 잊을 수 없는 경험입니다. 캠핑, 수영, 낚시, 스키, 스케이트 등 여가 활동도 많이 있습니다. 이곳 근처의 온천 호텔도 매우 좋으며 운이 좋으면 온천에 몸을 담그고 후지산의 아름다움을 즐길 수 있습니다. 온천에 몸을 담근 후 산기에서 스시와라면을 먹으십시오. 맛은 정말 좋습니다!",小苹果花苑,5,완벽해요!,4,작성일: 2017년 4월 16일
일본을 여행 할 때 후지산은 시즈오카 현과 야마나시 현에 걸쳐 일본에서 가장 높은 봉우리로 매우 매력적입니다. 이 휴면 화산은 일본의 상징이며 세계 문화 유산으로 등재되어 있습니다. 이번에는 겨울이라 일본에 갔는데 눈이 많이 내렸는데 후지산이 산을 닫아서 산에 도달하지 못한 것이 유감입니다. 그러나 산 아래에서 후지산을 바라보고 경치를보고 눈 분지를 놀아도 맛이 없습니다 ...,快乐洋洋潇洒,5,완벽해요!,4,작성일: 2017년 2월 4일
"후지산의 기후는 변덕스럽고 충돌복, 속건 속옷, 따뜻한 옷, 에너지를 빠르게 보충할 수 있는 음식, 물과 산소, 헤드 램프, 자외선 차단제, 마스크 및 기타 용품을 준비해야 합니다. 이 후지산 보존 협력자 증명서는 후지산이 세계 유산에 등록된 후만 사용할 수 있습니다. 이전에는 산재료를 지불할 필요가 없었습니다. 세계 유산에 등록한 후 야마나시현과 시즈오카현은 산에 있는 하드웨어 시설의 유지 보수 비용으로 1,000엔의 입장료를 청구했습니다. 후지산의 기후 변화는 매우 빠르며 때로는 바람이 불고 때로는 폭우가 내리므로 방수 및 보온 준비를해야합니다. 폭우로 인해 7 월 1 일 산 정상에서 일출을 볼 수 없었고, 결국 8 번과 9 번 사이에서 일출을 볼 수있었습니다. 풍경은 여전히 아름답습니다. ～",安顺日本游,4,최고에요!,8,작성일: 2016년 2월 28일
"일본, 후지산 아래의 상점. 안개가 가득합니다.",时间停驻,5,완벽해요!,0,작성일: 2020년 4월 1일
[풍경] 이곳의 풍경은 가질 가치가 있습니다 ...,_We***20,5,완벽해요!,0,작성일: 2020년 3월 1일
"일본, 후지산. 산기에 안개가 끼었습니다.",时间停驻,5,완벽해요!,0,작성일: 2020년 3월 30일
투어 그룹을 따라 가지 말고 산비탈에서 사진을 찍으십시오. 하루 종일 올라가서 구름 속을 왕복하고 구름이 잠시 맑아지고 굽이굽이 돌고 풍경이 갑자기 변합니다. 갈 가치가있다,110***90,5,완벽해요!,6,작성일: 2015년 12월 15일
눈이 내린 후지산. 그것은 날에 날아 갔다!,诺伊豪森王仙芝,5,완벽해요!,0,작성일: 2020년 2월 4일
일본 후지산 기에는 상점 모퉁이에 우체국이 있으며 빨간 우체통은 분명하지만 편지 나 엽서는 정말 빠르며 우체통에 넣을 수 없습니다.,时间停驻,5,완벽해요!,0,작성일: 2020년 5월 20일
일본 후지산 기에는 상점이 비교적 집중되어 있으며 깨끗하며 공기가 신선합니다. 산 아래의 날씨는 빠르게 변하고 잠시 동안 맑아지고 잠시 동안 안개가 가득합니다.,时间停驻,5,완벽해요!,0,작성일: 2020년 5월 21일
"일본에서 가장 높은 봉우리이며 일본의 중요한 국가 상징 중 하나입니다. 시즈오카 현과 야마나시 현에またがる 활화산은 도쿄에서 남서쪽으로 약 80km 떨어진 태평양 해안에 가깝습니다. 후지산은 일본 국민들에게 ""성산""으로 알려져 있으며 일본 민족의 상징입니다. 일본의 국가 상징 중 하나로 세계적으로 유명합니다. 그것은 종종 ""푸롱 봉"" 또는 ""후유케"" 및 ""부얼의 가오링""으로도 알려져 있습니다. 고대부터 이 산의 이름은 일본의 전통 시 ""와카""에 자주 등장했습니다. 일본 시인들은 한때 ""옥 부채가 둥카이텐을 떨어뜨리고"", ""후지 하얀 눈이 아침 햇살을 반사합니다""와 같은 시를 사용하여 그것을 칭찬했습니다.",吾兮永,5,완벽해요!,3,작성일: 2017년 1월 31일
개인적으로 갈 가치가 있다고 생각합니다. 나는 상대적으로 일일이지만 후지산의 풍경은 정말 좋고 공기는 좋고 하늘은 파습니다. 놀 가치가 있습니다. 여기에 가깝기 때문에 조금 더 착용하는 것이 좋습니다. 정말 춥습니다. 하이킹을 권장하며 길을 따라 풍경이 명확하게 볼 수 있습니다! 좋아요를 줘!,娃哈哈,5,완벽해요!,4,작성일: 2015년 11월 5일
기차를 타고 산을 따라 경치를 즐기며 시간을 보내십시오.,哈瓦那米粑粑,4,최고에요!,0,작성일: 2020년 2월 23일
"일본 후지산, 산기, 상점, 모든 곳이 매우 깨끗하지만 장소는 크지 않지만 잘 계획되어 있으며 혼잡하지 않습니다.",时间停驻,5,완벽해요!,0,작성일: 2020년 5월 22일
"일본의 후지산은 요코오카 현과 야마나시 현에 걸쳐 있으며, 히코모토의 가장 높은 봉우리입니다. 원래 화산이었습니다. 이제 사화산이되었습니다. 일본의 산이자 일본의 상징 중 하나입니다. 겨울에는 산 꼭대기에 눈이 쌓인 후 매우 아름답습니다. 불행히도 여름에는 눈이 보이지 않았습니다.",周游列国,5,완벽해요!,4,작성일: 2017년 3월 1일
"버스는 중앙 도로에서 하차하여 시모 요시다에서 내립니다. 신쿠라 후지 아사마 신사를 보십시오 ⛩️ 계단을 따라 가면 첫 번째 촬영 지점을 볼 수 있습니다. 종링탑은 유명한 촬영지로 많은 엽서가 종링탑과 후지산을 배경으로 하고 있으며, 오층탑은 눈 덮인 후지산을 배경으로 렌즈 아래 숨길 수 없는 순수한 아름다움을 지닌다. 신사는 후지산과 무한히 가까운 히카와 시계 지점에 도착합니다. 후지산으로 가는 길은 사다리와 같습니다.",J-Jjane,4,최고에요!,0,작성일: 2020년 3월 4일
"후지산은 일본에서 가장 높은 봉우리 (겐가봉)이며, 후지산은 일본의 상징으로 세계적으로 유명합니다. 많은 사람들이 모르는 것은 후지산이 사적이어서 일본 제1대 장군 도쿠가와 요시야스에게 속할 수 없다는 것입니다. 나중에 도쿠가와 가문은 아사마 신사에 후지산을 무료로 선물했습니다. 따라서 현재의 후지산은 아사마 신사에 속합니다. (내 잘 생긴 승려와 같은 남성 주인과 마찬가지로 일본의 많은 신사와 사원은 매우 부유하며 일본의 사원과 신사는 어린이가 계승합니다.) 우리가 갈 때 우리는 더 이상 산 꼭대기에 올라갈 수 없습니다. 그러나 Asama 신사에서 한 바퀴 도는.",小优优酱,5,완벽해요!,6,작성일: 2019년 1월 18일
후지산을 감상하는 방법은 여러 가지가 있습니다. 가와구치호에서 멀리서 볼 수 있고 완벽한 삼각형 원을 볼 수 있으며 5개 역을 올라 후지산 산비탈에서 산의 분위기와 매력을 느낄 수도 있습니다. 좋은 체력은 여름에 산을 열 때 정상에 오르려고 할 수 있습니다. 과정은 약간 어렵지만 경험은 독특합니다.,寻路啊呀,5,완벽해요!,2,작성일: 2018년 3월 9일
어제 크리스마스 이브의 날씨는 매우 좋았습니다. 나는 단지 후지산 정상에 차를 가져갔습니다. 후지산 정상은 해발 3000 미터 이상에 위치하고 있습니다. 온도가 매우 낮습니다. 눈이 조금있을 것입니다. 풍경이 아름답습니다. 산길 여행은 조금 길습니다. 멀미가 더 쉬우면 친구는 산길을 돌 때 멀미약을 준비하는 것이 가장 좋습니다. 위의 화장실은 리모델링 중이므로 긴장되어 있습니다. 서두르면 일찍 일어나서 줄을 서는 것이 좋습니다. 선물 가게가 많이 있습니다. 선물의 품질은 다르지만 후지산을 대표하는 작은 선물을 구입할 수 있습니다.,sweet_aus,5,완벽해요!,2,작성일: 2017년 12월 25일
"후지산(일본어: 후지산, 영어: 후지산)은 일본에서 가장 높은 봉우리이자 일본의 중요한 국가 상징 중 하나입니다. 시즈오카현과 야마나시현에またがる 활화산은 도쿄에서 남서쪽으로 약 80km 떨어진 태평양 연안에 가깝습니다. 후지산은 일본 국민들에게 ""성산""으로 알려져 있으며 일본 민족의 상징입니다. 일본의 국가 상징 중 하나로 전 세계적으로 유명합니다. 그것은 종종 ""푸롱 봉"" 또는 ""후유타케"" 및 ""부얼의 가오링""으로도 알려져 있습니다. 고대부터이 산의 이름은 일본의 전통 시 ""와카""에 자주 등장했습니다. 일본 시인들은 한때 ""옥 부채가 둥카이 천을 떨어 뜨리고"", ""후지 하얀 눈이 아침 태양을 반사하는""시를 사용하여 그것을 칭찬했습니다. 후지산은 세계에서 가장 큰 활화산 중 하나입니다. 현재 휴면 상태이지만 지질학자들은 여전히 활화산에 포함하고 있습니다. 781 년의 기록 이후 18 번의 분화가 발생했으며, 마지막 분화는 1707 년이었고 그 이후로 현재까지 휴면했습니다. 2002 년 8 월 (14 일), 지리학 연구소는 후지산의 높이를 재측정하여 3775.63 미터였습니다. 2013 년 6 월 22 일, 제 37 회 세계 유산 대회는 일본 후지산을 세계 유산 목록에 등재하는 것을 승인했으며 후지산은 일본에서 17 번째 세계 유산이되었습니다. 운이 좋지 않아 멀리서만 볼 수 있습니다. 후지산은 흐린 하늘에서 눈의 일부만 볼 수 있기 때문에 전체 그림을 보지 못했습니다. 그러나 후지산은 실제로 볼 것이 없으므로 속지 않는 것이 좋습니다!",当地向导江南游子,5,완벽해요!,2,작성일: 2017년 12월 8일
그룹 투어에서 후지산에 한 번 갔고 5 개 역으로만 올라갔습니다. 기후 때문에 산 꼭대기를 볼 수 없었고 산 중턱에 눈이 조금 보였습니다. . 후지산 우체국은 엽서를 보낼 수 있지만 중국으로 돌아갈 때 수신 할 수있는 것은 많지 않은 것 같아서 직접 스프 컬렉션을 구입하는 것이 좋습니다.,wnYYY,5,완벽해요!,6,작성일: 2017년 11월 5일
일본을 4번 방문하고 후지산을 3번 방문하여 각도와 계절에 따라 이 아름다운 활화산을 감상하며 웅장함은 제외하고 더 신비롭습니다. 산을 걷다 보면 고도가 다른 식물에 다양한 영성을 가져다줍니다. 구름과 안개 사이의 아름다운 봉우리는 얼굴을 가린 소녀처럼 어렴풋이 당신 앞에 나타납니다. 이곳의 편리한 우체국은 아름다운 엽서와 기념 스프를 함께 보내서 뒷맛을 느끼며 담소를 나누는 재미도 관광객들에게 제공합니다.,pony60,5,완벽해요!,6,작성일: 2017년 7월 6일
"후지산은 일본에서 가장 높은 봉우리로, 산봉우리가 우뚝 솟아 있고 산 정상이 눈으로 덮여 있습니다. 일본 국민들에게 ""성산""으로 알려져 있으며 일본 민족의 상징입니다. 동쪽으로 도쿄에서 약 80km, 시즈오카현과 야마나시현에 걸쳐 있으며 면적이 90평방킬로미터 이상입니다. 산 전체가 원 모양으로 한 눈에 보면 거꾸로 매달린 부채처럼 보입니다. 일본 시인은 한때 ""옥 부채가 동중국해 하늘에 매달려"", ""후지 하얀 눈이 아침 햇살을 반사합니다""와 같은 시를 사용하여 그것을 칭찬했습니다. 검봉, 하쿠산산, 구스시산, 다히산, 이즈산, 죠츠산, 히구산, 산악 등 ""후지 팔봉""으로 둘러싸여 있습니다.",new2000th,5,완벽해요!,4,작성일: 2017년 4월 11일
"7 월에 나는 후지산의 예측할 수없는 측면을 보았습니다. 첫 번째 초에는 맑은 하늘이 있었고 그 다음 구름에 숨어있었습니다. 5 초메에서 엽서를 사서 다시 보내는 것은 의미가 있습니다. 후지산은 세계에서 가장 큰 활화산 중 하나입니다. 현재 휴면 상태이지만 지질학자들은 여전히 활화산에 포함하고 있습니다. 781 년의 기록 이후 18 번의 분화가 발생했으며, 마지막 분화는 1707 년이었고 그 이후로 현재까지 휴면했습니다.",Luna,5,완벽해요!,2,작성일: 2016년 11월 23일
"관광객들은 기본적으로 후지산 5개 역만 갈 수 있으며, 투어 가이드는 산 정상에 오르려면 다른 예약을 해야 한다고 말했습니다. 버스는 도로의 일부를 지나고 외부에서 ""후지산의 노래""가 특히 흥미 롭습니다. 운 좋게도 구름과 안개가 어지고 실제 봉우리가 드러났습니다. 5개 역에는 우체국이 있고, 옆에는 특산품을 파는 가게가 있고, 선물로 후지산 모양의 작은 비스킷을 골랐다.",小白的万水千山,5,완벽해요!,4,작성일: 2016년 8월 26일
"그 가치는 후지산을 매우 동경합니다. ""옥 부채가 둥카이 천에 매달려"", ""후지 하얀 눈이 아침 태양을 반사합니다"". 린시도 이렇게 썼습니다. ""사실, 당신은 후지산을 좋아하는 것처럼 사람을 좋아합니다. 당신은 그것을 볼 수 있지만 그것을 움직일 수 없습니다. 후지산을 움직일 수 있는 방법이 무엇인지, 대답은 당신이 스스로 걸어 간다는 것입니다. 사랑도 마찬가지입니다. 쇼핑을 하면 충분합니다. 나는 후지산에 대해 깊은 감정을 가지고 있습니다. 아마도 이것이 내가 후지산에 가야하는 이유 일 것입니다. 우연히 후지산 아래 가와구치 호수와 산 중 호수에 하룻밤을 머물 렀습니다. 나는 그것을 보지 못했지만 마지막 날에 마침내 나에게 기회를 주었다. 후지산의 진정한 모습을 보십시오. 후지산은 그런 것입니다. 후지산은 당신을보고 눈물을 흘릴 수 없습니다. 사진의 후지산은 단지 기억일 뿐이며, 후지산에 가본 사람 만 그 위대함을 느끼고 그 순간의 느낌을 깊이 느낄 수 있습니다.",雪熙,5,완벽해요!,2,작성일: 2016년 4월 2일
"일본으로의 6 일간의 여행, 신비한 후지산은 구름 뒤에 어렴풋이 나타나거나 운전 중이 다가오고 있습니다. 뜻밖에도,이 후회는 비행기의 오른쪽 포트 창에서 도쿄로 돌아 오는 항공편에서 보충 될 수있었습니다.",lydia_hong,4,최고에요!,6,작성일: 2015년 12월 6일
"씨트 립의 후지산 당일 치기 여행을 설정, 오시노 하치 하이의 관광 명소는 너무 많은 관광객,별로 관심이 없지만, 그 날은 며칠 전에 눈이 내렸고, 눈이 내리고, 우리는 남쪽에서 왔지만, 매우 재미있었습니다. 하늘은 파고 풍경은 좋다",202***57,5,완벽해요!,6,작성일: 2016년 2월 21일
"일본 후지산, 산기, 등산지도. 상점은 여기에 집중되어 있지만 많지 않습니다. 공기가 신선합니다.",时间停驻,5,완벽해요!,0,작성일: 2020년 5월 28일
"일본 후지산, 산기. 나는이 목조 건물을 좋아하고 그 자리에서 자료를 얻습니다. 원시 나무는 항상 사람들에게 친밀감을줍니다.",时间停驻,5,완벽해요!,0,작성일: 2020년 5월 27일
"후지산은 일본의 신성한 산으로 겨울에는 산 정상에 눈이 가득한 사진이 거의 일본의 상징이되었습니다. 불행히도, 우리가 갔을 때 여름 산이었습니다. 산에는 눈이 없었습니다. 조금 후회했지만 운해를 볼 수있었습니다. 동화 나라에 들어가는 것과 같은 느낌이 있습니다.",周游列国,5,완벽해요!,3,작성일: 2017년 12월 30일
"큰 보드에서 후지산까지의 여행은 단순히 산과 물 사이의 길이지만, 어린 시절의 애니메이션 장면에 오는 후지산은 여전히 소원입니다. 비가 오지 않으면 완벽합니다! 누가 사랑에 의존 할 수 있습니까? 후지산 개인 소유",凤凤吖吖,5,완벽해요!,5,작성일: 2017년 6월 22일
일본 후지산 기. 일부 상점은 나무로 지어졌으며 순수한 원시 분위기를 느낍니다.,时间停驻,5,완벽해요!,0,작성일: 2020년 5월 30일
"일본 후지산, 산기 상점, 여기에 신사가 있습니다. 투어 가이드의 말을 듣고 많은 경치 좋은 지역에 신사가 있습니다.",时间停驻,5,완벽해요!,0,작성일: 2020년 5월 23일
"후지산을 둘러싸고 아름다움을 모두보십시오. 누구나 손을 쥐어야 하고, 포옹으로 소유하기가 어렵습니다. 소유하려면 먼저 잃는 방법을 이해해야 합니다. 눈길을 따라 헤엄쳤습니다. 왜 좋은 일인지, 사랑으로 후지산을 사유할 수 있는 사람.",肥肥安大王,5,완벽해요!,4,작성일: 2019년 4월 21일
"일본 후지산, 산기. 5 역. 해발 2,000 미터 이상입니다. 공기가 정말 좋습니다.",时间停驻,5,완벽해요!,0,작성일: 2020년 5월 31일
후지산은 도쿄 남서쪽에 위치한 웅장하고 장엄한 일본의 상징입니다. 구름의 변화와 장엄한 일출이 유명합니다. 오시노 하치카이와 도다케 바람 동굴은 유명한 명소입니다. 후지산은 사계절이 아름답습니다. 봄에는 후지 벚꽃이 주변 지역을 붉게 물들입니다. 여름에는 호숫가에 보라색 라벤더가 만발합니다. 가을에는 붉은 단풍으로 장식되어 다채롭습니다. 겨울에는 높은 나무가 매달려있는 것을 볼 수 있습니다.,好好生活日日向前,4,최고에요!,1,작성일: 2019년 12월 20일
"일본의 후지산은 국내외에서 유명하며 지구의 거의 모든 곳에서 후지산의 명성을 들었습니다. 후지산은 영봉으로 알려져 있으며 특히 산 정상에는 신성한 상징으로 여겨지는 센마 신사가 있습니다. 후지산 수련도는 후지산의 수련도로 개척되었으며, 수련도의 영지로도 알려져 있으며 등반을 실행했습니다. 후지산은 일본에서 가장 높은 봉우리이며 도시 지역에서 활화산이 위험하다고 느끼는가? 하하.",Seba_zhou,5,완벽해요!,1,작성일: 2019년 12월 2일
"일본에 가면 후지산을보아야합니다. 여름에는 후지산에 눈이 없습니다. 너무 아름답 지 않습니다. 우리는 후지산으로 차를 빌려 산을보기 위해 여러 곳으로갔습니다 : 오시 공원, 가와구치 호수, 야마나카 호수, 센마 신사 ... 그날 구름이 너무 많았고 후지산은 기본적으로 구름에 숨어있었습니다. 그러나 주변 풍경은 여전히 아름답습니다.",小语,5,완벽해요!,1,작성일: 2019년 8월 14일
"후지산은 세계에서 가장 큰 활화산 중 하나로 도쿄에서 남서쪽으로 약 80km 떨어져 있으며 일본에서 가장 높은 봉우리이자 일본의 중요한 국가 상징 중 하나입니다. 세계 유산 목록에, 일본의 17번째 세계 유산이 되었습니다. 후지산은 일년 내내 각각의 장점이 있고 경치가 장관입니다.",大自然的信徒,5,완벽해요!,5,작성일: 2018년 3월 23일
"일본의 산에 관해서는, 모든 사람들이 일본에서 후지산을 처음 생각할 것으로 예상됩니다. 후지산은 일본에서 가장 높은 산이며 일본의 랜드 마크입니다. 관광 산업이 아직 개발되지 않았다고 생각합니다. 일본에 가라고 말하면서 일본의 후지산에 갈 것이라고 말할 것입니다. 후지산은 우리 마음 속에 높은 지위를 가지고 있음을 알 수 있습니다. 최근 몇 년 동안 일본의 관광 산업은 점점 더 뜨거워지고 있으므로 후지산의 관광객이 점점 더 많아지고 있습니다. 피크 기간을 피하고 후지산에가는 것이 좋습니다. 그룹과 함께하지 않는 것이 좋습니다. 일반적으로 그룹과 함께 발생하는 단점 외에도 후지산에가는 것은 그룹과 비교할 때 제한되어 있습니다. 특히 산 중턱에서 사진을 찍고 싶다면 그룹과 함께하는 시간은 허용되지 않습니다. 일반적으로 그룹 투어와 함께 반나절 정도 시간을 정합니다. 플레이 시간, 개인적인 제안 시간 제한이 없다면 하루 동안 놀 수 있다고 제안합니다. 너무 많지 않습니다. 여행이 너무 빠르지 않습니다. 즐길 수있는 아름다운 풍경이 여전히 많습니다. 그룹과 함께하지 않으면 후지 급행 선으로 가와구치 코 역 또는 후지산 역으로 갈 수 있습니다. 여정을 설정하면 자신의 준비에 따라 설정할 수 있습니다. 개인적으로 후지산 주변의 호텔에서 하룻밤을 보낼 수 있다고 제안합니다. 후지산 주변에는 많은 호텔이 있습니다. 많은 고급 호텔 시설이 매우 좋습니다. 호텔에서 후지산을 볼 수 있습니다. 살기에 매우 편안합니다. 내가 경험 한 후지 미야시의 그린 호텔, 호텔의 가격은 꽤 좋으며 후지산과 매우 가깝기 때문에 무료 여행자에게 매우 적합하므로 다음날 후지산으로가는 것이 그리 빠르지 않습니다. 주변에 특산 레스토랑도 많아서 후지산에 와서 먹고 묵을 걱정은 하지 말고 경치를 꾸준히 즐기세요.",璐璐呆呆傻,4,최고에요!,5,작성일: 2017년 3월 18일
"후지산의 여름은 최고이며 자연의 평온함이 있으며, 일본식 선은 아름다운 풍경에 침투하며 운전하는 모든 곳에서 느낄 수 있습니다. 관광객들은 수년 동안 끝없는 흐름을 가지고 있습니다.",Allsuccess,5,완벽해요!,0,작성일: 2020년 3월 10일
"일본 후지산, 산기. 산은 높지 않고 화산은 산을 오르기 전에 명확하고 명확합니다.",时间停驻,5,완벽해요!,0,작성일: 2020년 5월 26일
"일본 후지산, 야마시타 상점, 대부분의 기념품, 음식 의류 의류, 엽서.",时间停驻,5,완벽해요!,0,작성일: 2020년 5월 19일
"후지산은 사화산으로,이 산은 매우 유명하며 일본의 상징입니다. 사실 후지산은 멀리서 보는 것보다 훨씬 낫습니다. 멀리서 보면 구름 위의 신비하고 아름다운 느낌이 듭니다. 중국의 유명한 산처럼, 나무가 몇 개 밖에 없습니다.",palettes_ny,5,완벽해요!,3,작성일: 2016년 8월 31일
후지산의 일본 상징. 많은 국내 관광객들이 산을 오르고 싶어하지만 후지산을 오르는 것은 정말 지루합니다. 그것은 흙 가방입니다. 후지 5 호에서 멀리 보이는 것은 매우 아름답고 전세 여행이나 이틀에 적합합니다.,WaNG4649,5,완벽해요!,4,작성일: 2017년 10월 29일
후지산 정상을 보는 것은 운에 달려 있으며 홍보 사진에서 눈 덮인 후지산을 보는 것은 더욱 도달 할 수 없습니다! 나는 5 개 계곡에서 산 꼭대기를 보지 못했다. 나는 산을 내려갈 때 4-5 계곡을 보았다. 나는 돌아 오는 길에 하코네 온천에서 보았다. 눈이 내리는 장면과는 거리가 멀다!,一起向前进,5,완벽해요!,5,작성일: 2017년 7월 27일
"후지산은 세계에서 가장 큰 활화산 중 하나입니다. 현재 휴면 상태이지만 지질학자들은 여전히 활화산에 포함됩니다. 781 년의 기록 이후 18 번의 분화가 발생했으며, 마지막 분화는 1707 년이었고 그 이후로 지금까지 휴면되었습니다.",浮年锦记,5,완벽해요!,6,작성일: 2017년 3월 15일
일본 후지산. 산기. 등산지도는 명확하고 명확합니다. 산은 높지 않습니다.,时间停驻,5,완벽해요!,0,작성일: 2020년 6월 1일
로프웨이를 타고 산을 올라 후지산을 바라 볼 수 있습니다. 이 로프웨이 상자는 한 번에 30-50 사람을 설치할 수있는 큰 버스와 같습니다.,哈瓦那米粑粑,4,최고에요!,0,작성일: 2020년 3월 8일
후지산은 활화산입니다. 높이 3776.24 쌀은 일본에서 가장 높은 봉우리 (겐가봉)이며 일본의 상징입니다. 도쿄역과 신주쿠 역에서 직행 버스를 이용할 수 있습니다.,老鹰在飞翔,5,완벽해요!,0,작성일: 2019년 11월 16일
"8 월 17 일 후지산, 푸른 하늘, 흰 구름, 후지산이 선명하게 보이고 사진이 아름답습니다. 휴면하고있는 원형 활화산이기 때문에 여름에는 산 꼭대기에 눈이 없습니다. 실제로 큰 토양 가방처럼 보입니다. 산 아래에서 보는 것이 좋습니다. 많은 일본인과 중국인이 여기에옵니다. 많은 사람들이 등반하고 완전히 무장합니다. 산은 10도 이상이고 너무 추워서 실제로 얼어 붙은 손을 느낍니다.",135***36,5,완벽해요!,0,작성일: 2018년 8월 18일
일본의 전형적인 대표자는 후지산입니다. 일본으로 돌아온 후 누군가가 후지산에 가셨는지 묻습니다. 후지산이 올라 갔습니까? 사실 후지산은 어떻게 등반 할 수 있습니까? 우리는 5와 10으로만 갈 수 있습니다. 후지산은 1시에 단풍 숲이 붉지 않았지만 후지산의 풍경은 여전히 좋습니다.,_cf***10,5,완벽해요!,2,작성일: 2016년 12월 28일
후지산은 일본의 상징이며 일본 국민의 마음에 중요한 지위를 가지고 있지만 실제 모습을 보는 것은 쉽지 않습니다. 비행기에서 본 적이 없습니다. 가와구치코로 가는 길에 안개 낀 산 정상을 보았습니다. 후지산 기으로 차를 몰고 가다가 가까운 풍경을 보았을 때 눈이 산을 닫았습니다. 해발 1km에 불과했습니다. 영하 20도의 온도로 차문을 나오면 반쯤 얼어 죽습니다. 정말 멀리서 볼 수 있고 놀 수없는 산입니다.,bmi2004,4,최고에요!,4,작성일: 2016년 9월 16일
"후지산에 대해 말하면, 나는 Chen Yixun의 ""후지산 아래""라는 노래를 생각할 것입니다. 후지산은 휴면 활화산이며 일본 최초의 봉우리입니다. 후지산은 고대부터 현지인들에게 요정이되었습니다. 멀리서 후지산을 바라보는 것은 정말 아름답고 그림 같습니다.",Moka,5,완벽해요!,2,작성일: 2016년 8월 17일
"그런 다음 일본의 작은 구채구 - 야마나시 현 오시노 바카이 (Oshino Hachikai)를 보러 가십시오. 실제로 구채구보다 훨씬 작습니다. 연못의 물은 후지산의 눈이며, 샘으로 흐릅니다. 물의 색은 저우 좡 (Zhouzhuang)과 같이 상업화되어 혼잡 한 관광객을 상업화합니다. 후지산 연못의 물고기는 우리와 달리 한두 가지 품종입니다. 잉어, 다채로운 색상이 좋습니다!",林杰地灵,4,최고에요!,4,작성일: 2016년 3월 1일
일본의 상징적 인 명소. 실제로 특별한 것은 없습니다. 그러나 보는 것이 기분이 좋습니다. 그리고 볼 수있는 여러 장소가 있습니다.,让我离去,5,완벽해요!,0,작성일: 2020년 3월 19일
"후지산은 일본의 유명한 명소입니다. 많은 TV 영화에는 후지산의 그림이 있습니다. 어렸을 때 플레이 한 아케이드 게임 ""스트리트 파이터""에서 혼다와의 배경은 후지산입니다! [풍경] [가성비] [재미]",想一辈子住在你的心里,4,최고에요!,0,작성일: 2020년 2월 14일
"후지산은 반년 동안 봉쇄되어 있으며, 개장하지 않을 때는 절반 미만으로 경치를 볼 수 있습니다. 후지산은 활화산입니다. 모든 방향에서 볼 수 있습니다. 모양, 여름에는 하이킹을 할 수 있습니다. 매년 8월은 등산의 성수기입니다.",smalmonkey,5,완벽해요!,0,작성일: 2018년 12월 3일
"도쿄 시내에서 차로 약 1.5 시간 거리에 있으며 길을 따라 풍경이 있으며 갈 가치가 있습니다. 산기에는 관광객을위한 특별한 장소가 있으며, 근처에서 먹는 것도 매우 저렴합니다. 일본 라면이 있으며 관광 명소 욕실도 매우 깨끗합니다.",166***71,5,완벽해요!,3,작성일: 2017년 2월 6일
"재미있는 친구, 아름다운 풍경과 쾌적한 기후는 전설의 꿈의 동화 나라입니다! 여기에는 예상치 못한 놀라움과 감동이 있습니다. 여기에는 잊을 수없는 추억과 행복이 있습니다.이 아름다운 곳을 기억하십시오!",岚海BOSS,5,완벽해요!,2,작성일: 2017년 10월 31일
후지산 아래의 가이세키 요리 [牙] [牙] [牙] 이번에는 다시 뚱뚱한 느낌이 듭니다. [脸] [脸] [脸] 그러나 후지산 아래의 벚꽃은 무성합니다. [행복] [행복] [행복].,布基农法索,5,완벽해요!,2,작성일: 2018년 4월 16일
"일본에서 가장 높은 산은 해발 3,000 미터 이상이며 10 개의 눈으로 나뉘며 5 개의 눈은 자동차가 도달 할 수있는 가장 높은 곳이며 등산을위한 베이스 캠프이기도합니다. 많은 등산 애호가들이 여기에 추가됩니다. 우리는 후지산 한가운데에서 사진을 찍었습니다. 산 정상의 구름은 매우 커서 전체 그림을보기가 어렵습니다. 산을 내려가는 길에 구름이 점차 사라지고 있습니다. 우리는 빨리 주차하고 마침내 파노라마를 보았습니다.",凉凉小四月,5,완벽해요!,1,작성일: 2018년 10월 12일
"첸 박사의 후지산 아래에서 불을 불렀다. 우리는 도쿄에서 후지산 아래로 차를 빌렸다. 후지큐를 지나면 멀리서 관광객들의 비명을들을 수 있었다. 불행히도, 소심한 사람들은 놀지 못했다. 자연에 대칭적인 산이있는 경우는 드물다. 우리가 갔을 때는 초봄이었다. 산은 여전히 추웠다. 나는 옷 가방을 더 많이 가져야한다. 산 중턱에있는 물건은 매우 비싸고 40 위안의 옥수수를 먹었습니다. 깨끗하고 맑으며 가치가 있습니다.",taotaolee,5,완벽해요!,3,작성일: 2017년 2월 25일
"후지 2 일 그룹에보고 한 후, 첫날은 야마나시 온천 호텔과 산 정상 온천으로, 둘째 날은 후지 가와구치 호수, 5 역, 고텐바 아울렛을 실행했습니다. 산 정상의 온천은 밤에 기분이 좋으며 몸을 담그지 않아도 야경이 좋습니다. 다음날 날씨가 좋지 않았고 비가 내리고 가와구치 호수와 5 개 역은 후지산을 볼 수 없었습니다. 다행히도 아울렛을 방문한 후 조금 보았습니다. 날씨가 정말 중요합니다.",咩咩,4,최고에요!,3,작성일: 2016년 11월 5일
후지산은 고대부터 산악 신앙의 상징으로 존경되었습니다. 일본의 상징이기도 합니다.,nj海虹,5,완벽해요!,0,작성일: 2020년 7월 17일
후지산 주변의 명소에 대한이 설명은 매우 좋으며 음악은 매우 신선하며 설명 소리는 좋습니다. 설명 시간은 길지 않지만 매력의 본질에 대해 이야기합니다! 나는 그런 서비스를들을 수있어서 매우 기쁩니다!,CICIxiao,5,완벽해요!,0,작성일: 2020년 4월 3일
"유명한, 비오는 날씨를 따라 잡고, 후지산을 멀리보고, 전체 그림을 볼 수 없으며, 때때로 구름의 놀라운 산 꼭대기의 모서리가 드러납니다. 산을 오르면 국내 등산과 같은 경험입니다. 특별한 것은 없습니다. 산의 구름은 어디에 있는지 모릅니다!",nmgXS,5,완벽해요!,0,작성일: 2019년 5월 22일
너무 운이 좋게도 후지산을 보았고 후지산을보기 위해 하코네 유모토에 왔으며 이틀 동안 머물 계획이었습니다. 결과는 태풍으로 인해 매우 나빴지만 마침내 맑아졌습니다. 이틀 동안 티켓을 구입하는 것을 잊지 마십시오. 그렇지 않으면 모든 종류의 티켓이 너무 비쌉니다.,快乐鱼仙,5,완벽해요!,1,작성일: 2018년 10월 17일
"아침 5시 14 분, 1 박 2 일, 고도 3776 번 후지산 정상에 올라 운해 뒤에서 천천히 떠오르는 아침 태양을 보십시오.",666liuliu,5,완벽해요!,5,작성일: 2018년 1월 13일
"현지 그룹과 함께, 나는 산 중턱에 차를 탔다. 산에서 정말 추웠다. 산 아래에서 12도의 차이를 가지고 있었다. 흰 구름은 손에 닿는 느낌이었다. 투어 가이드 서비스도 좋았다. 내가 사는 간식은 후지산의 모양이었다.",么么哒123456sky,5,완벽해요!,2,작성일: 2016년 10월 9일
"후지산을보기 위해 나는 아침에 후지산에 갔다. 그 결과 정오에 후지산을 관찰하기 위해 가장 좋은 자리를 찾았습니다. 가장 적은 사람들, 최고의 풍경, 막힘없는 사진, 고텐바의 P4 주차장 [얼굴을 가리키다] 직진 후, 사고 사고, 후지산을 보십시오.",圣热尔韦昂瓦列尔周勃,5,완벽해요!,4,작성일: 2018년 2월 4일
너무 장관입니다. 활화산이 아름다웠습니다. 산 정상에서 눈이 보입니다.,徐海纲,5,완벽해요!,0,작성일: 2020년 5월 3일
일본의 후지산은 겨울이기 때문에 경치가 꽤 아름답습니다. 투어 그룹은 우리를 올라갈 수 있도록 준비하지 않았습니다. 산 아래의 눈 공원에서 후지산 산 정상을 내려다 보았습니다. 아주 좋았습니다. 앞으로 산을 올라 가야합니다.,远行的猫咪,5,완벽해요!,6,작성일: 2016년 8월 5일
"이것은 일본 드라마에서 본 멋진 그림입니다. 멀리서 보면, 나는 꼭대기의 연기가 구름에 도달하는 것을 느낍니다. 구름에 힌 산인지 구름에 힌 산인지 구름에 둘러싸인지 모르겠습니다. 끝없는 들판은 자연과 더 가까워지는 느낌을줍니다. ""후지산 ...""",Tiramisu8511,5,완벽해요!,6,작성일: 2016년 8월 16일
"이번에는 후지산 정상에 올랐습니다. 진실을 말하자면, 고도가 높고 원래 생태를 유지하려고하기 때문에 황산과 화산보다 어려움이 높습니다. 날씨가 좋았습니다.",156***82,5,완벽해요!,4,작성일: 2015년 11월 18일
"매우 아름답고 멀리서 바라보고 흰색 세계, 승리는 아름답습니다.",_Fl***12,5,완벽해요!,0,작성일: 2020년 6월 12일
"우리는 멀리서 후지산을 보지 않았지만 산을 올라갔습니다. 산길은 매우 험준하고, 원을 그리며 천천히 구름 바다로 올라갈 것입니다. 다른 풍경은 매우 아름답습니다. 산기에서 보는 후지산은 그렇게 아름답지는 않지만 장관은 아니지만 여전히 매우 행복합니다.",杨大圆脸,5,완벽해요!,4,작성일: 2017년 7월 24일
지상에서 바라보는 후지산은 육지에서 바라보는 것과는 완전히 다른 시각적 충격과 느낌을 줍니다! 후지산의 하늘을 직접 방문하여 당시 화산 폭발의 장엄한 장면을 상상해 보십시오. 기분과 생각을 날려버릴 가치가 있습니다!,fantanblue,5,완벽해요!,3,작성일: 2016년 6월 14일
이것은 세계적으로 유명한 산입니다. 일본 관광객들에게는이 유명한 산을 좋아하지 않는 사람은 없지만 날씨를보아야합니다. 하늘이 눈을 뜨지 않으면 후지산의 진정한 모습을 볼 수 없습니다.,滇国剑客,5,완벽해요!,2,작성일: 2015년 11월 23일
"일본의 유명한 명승지, 특히 아름다운 사진을 찍기 위해 여기에 오십시오.",蓝色布鲁克斯,5,완벽해요!,0,작성일: 2020년 9월 18일
유명하고 비용 효율적이며 쇼핑을 할 수있는 콘센트가 있습니다.,_jy***61,5,완벽해요!,0,작성일: 2020년 5월 10일
"날씨 때문에 후지산은 봉쇄되어 후지산의 ""가장 유명한""명승지 ""1 역 주차장""을 방문해야했고, 후지산 공기 캔 650 엔이라고 불리는 몇 가지 슬로건을 흡수했습니다.",华-Rainbow,4,최고에요!,0,작성일: 2020년 5월 13일
"풍경은 아름답지만 산 꼭대기의 눈은 일년 내내 녹지 않으므로 올라갈수록 추워집니다! 공기는 신선하고 매우 깨끗합니다! 5 월과 무에는 커피 옥수수와 같은 따뜻한 음식이 있으며 엽서, 벨 및 기타 특수 펜던트가 있습니다!",yy1772,5,완벽해요!,2,작성일: 2017년 4월 29일
"기후가 독특하고, 잠시 동안 구름과 안개가 끼고, 잠시 동안 명확하게 보입니다.",_we***60,5,완벽해요!,0,작성일: 2020년 10월 11일
일본의 명함은 매우 아름답습니다. 많은 중국인 관광객이 거기에갑니다.,huang244483,5,완벽해요!,0,작성일: 2020년 4월 11일
"10 년을 기념하기 위해 후지산의 사진을 몇 장 선택하십시오. 10 년 전 후지산을 오르고 10 년 후 조감도와 여행에 그림을 남겼습니다. 10 년이 지났지만 여전히 매력적이고 매력적입니다. 당신을보고 갑자기 바다와 밭을 느낍니다. 많은 사람들이 쫓아 갔지만 마침내 손이 비어있었습니다. 당신은 자랑스럽게 서서 세상에 묻지 않지만 수많은 사람들을 꿈꾸게합니다. 사실, 얻은 것은 잃어 버리지 만, 한 번의 생각 사이에 손에 잡히면 소유가 될 수 없으며, 손을 잃을 수도 없습니다. 자유로움과 자유로움은 자유로운 삶입니다.",格格,5,완벽해요!,2,작성일: 2019년 10월 10일
후지산은 일본의 상징으로 세계적으로 유명합니다. 후지산은 많은 예술 작품의 주제로 예술적 차원에서 광범위한 영향을 미칠 뿐만 아니라 기후와 지층 등에서도 지질학적 영향을 많이 줍니다. 그것은 매달려 곡선 모양의 현무암 층의 화산으로 구성되어 있으며 산은 Luohe Bay의 해안까지 뻗어 있습니다.,咖啡渣,5,완벽해요!,2,작성일: 2019년 8월 6일
"사실, 일본 여행은 순전히 후지산을위한 것이며 도쿄는 환승 장소 일뿐입니다. 나는 일본에 여러 번 갔지만 후지산을 볼 기회가 없었습니다. 그래서 이번 휴가는 홋카이도와 도쿄 사이에서 후자를 선택하는 것을 주저하지 않았습니다. 중국에는 아름다운 경치와 장엄한 유명한 산이 너무 많지만 후지산보다 내 미학에 더 적합한 산은 없습니다. 그녀는 거의 완벽한 원 모양, 부드럽고 견고하며 자제로 가득합니다. 아마도 그녀는 황산의 불사조와 타이 산이 중국인에게 부여한 유교 문화적 의미를 가지고 있지 않지만, 명나라의 엄숙함과 고요함은 그녀를 신의 거주지처럼 만듭니다. 가장 가벼운 사람이 그녀의 앞에 서더라도 쉽게 만들 수는 없습니다.",素素77,5,완벽해요!,0,작성일: 2019년 4월 10일
"후지산은 일반적으로 멀리서 보는 것이 가까이있는 것보다 낫다고합니다. 후지산에 두 번 갔고, 한 번에 산 중턱에 갈 수 있었고, 처음으로 7 번에 도착했고, 두 번째는 5 번에만 도착했습니다. 물론 산 한가운데에 멋진 경치도 있습니다. 두 번째로, 5 번의 2 번을 촬영 한 것 외에도 오시노 하치 하이에서 2 번을 촬영했는데 기분이 좋았습니다.",南山乐乐君,5,완벽해요!,0,작성일: 2018년 7월 17일
배낭을 메고 아침 일찍 출발하면 나고야의 2599 위안 티켓 ➕ 호텔 패키지는 이틀 동안 포기하고이 여행의 테마로 곧장 갈 수 있습니다. 후지산을보기 위해 온천에 몸을 담그십시오! [색상] [색상] 4000엔 호화 버스를 타고 산기까지 바로 갈아타지 않아도 됩니다. [기발한] [得意] [점프],Miss Lexus,5,완벽해요!,2,작성일: 2017년 12월 26일
"혼슈 중남부에 우뚝 솟은 후지산은 일본에서 가장 높은 봉우리로, 봉우리는 구름에 우뚝 솟아 있고 산 정상은 눈으로 가득합니다. 전형적인 원추형 화산으로 주변에 다른 산이 없기 때문에 멀리서 보면 평평한 땅에 솟아 있는 것처럼 보이며 더 커 보입니다. 우리가 차를 타고 첫날을 지나쳤을 때, 그것은 화창했고, 과거의 풍경은 아름다웠다. 도쿄에서 돌아온 후지산을 보러 돌아 왔을 때, 나는 흐린 날과 비를 따라 잡았다. 나는 그것을 직접 볼 수 없었다.",wbclawyer,4,최고에요!,2,작성일: 2017년 8월 5일
"일본에 도착했을 때, 나는 Ctrip에서 그룹을보고했다. 내가 갔을 때, 그것은 비가 내렸다. 투어 가이드는 대만인이었다. 아주 좋았다. 관광객들에게 소개했다. 버스는 매우 깨끗했다. 나는 점심을 먹었다. 그것은 매우 추웠다. 코트를 가져와, 안개가 많이있다. 특산품 가게가 몇 개있다. 그러나 그날, 신은 힘을 주었고 태양은 나오고 후지산을 보았습니다. 풍경은 일반적이며, 나는 또한 콘센트에 가서 빨간 가방을 샀고, 국내 콘센트도 보았고, 국내는 절반 비쌌다. 돌아 오는 길에 후지산을 다시 보았습니다. 요컨대, 나는 운이 좋았습니다. 나는 10 번, 8 번 볼 수 없다고 들었습니다.",_We***95,4,최고에요!,4,작성일: 2017년 7월 19일
"나는 후지산에 함께 그룹을보고했고, 도쿄에서 오는 데 거의 2 시간이 걸렸다. 그것은 꽤 길었다. 5 개 역으로 올라가면 후지산을 볼 수 있는지 여부는 운에 달려 있습니다. 구름이 너무 두껍기 때문에 우리는 여전히 그것을 볼 수 없었습니다. 그러나 산의 공기는 정말 좋지만 매우 춥습니다. 더 많은 옷을 입으십시오. 산을 오르는 길에 작은 차가있을 것입니다. 노래를 부르는 것은 매우 흥미 롭습니다. 그러나 시간이 촉박하면 권장하지 않습니다.",Little Iris,4,최고에요!,2,작성일: 2017년 6월 12일
후지산은 일본을 대표하는 풍경이며 일본인의 마음에 중요한 위치를 차지합니다. 후지산의 절반은 야마나시현에 있고 나머지 절반은 시즈오카현에 있습니다. 5개의 호수로 둘러싸여 있습니다. 후지산을 감상할 때 가장 아름다운 시간은 산 정상에 눈이 덮인 계절입니다. 여름에는 등산을 열 수 있지만 산 정상에 있습니다. 눈이 녹았습니다.,山形县的天津花嫁,5,완벽해요!,2,작성일: 2017년 4월 29일
일본에 도착한 첫 번째 정류장은 후지산입니다. 후지산은 일본에서 가장 높은 봉우리입니다. 해발 3776 미터는 휴화산입니다. 나는 정말로 깨어날까 걱정합니다. 후지산은 일본의 상징이며 세계 문화 유산으로 등재 된 것 같습니다. 풍경은 정말 아름답습니다. 나는 그것을 칭찬해야합니다. 날씨가 좋으면 도쿄와 요코하마에서 후지산의 아름다운 전망을 볼 수 있습니다.,吾兮永,5,완벽해요!,2,작성일: 2017년 3월 11일
"많은 관광객이 등산을 하고 모두가 서로를 활성화합니다. 등산에는 따뜻한 옷, 비기구, 손전등 등의 도구를 가져오고 충분한 음식과 물을 준비해야 합니다. 후지산에는 쓰레기통이 거의 없습니다. 쓰레기를 산 아래로 가져오세요. 하지만 가는 길에는 비교적 깨끗합니다. 심장 질환, 고혈압, 폐기증, 천식 및 기타 질병이있는 관광객은 등산을 권장하지 않습니다.",xintian111,4,최고에요!,4,작성일: 2016년 4월 7일
"같은 대도시로가는 곳마다 작별 인사를하고 신칸센을 타고 교토로 이동하십시오. 티켓을 구입할 때 매표기를 사용하지 않으므로 아름다운 여동생에게 구매를 도와달라고 요청했습니다. 환승 할 때 잘 생긴 남자에게 길을 물었고, 그는 예의 바르고 그가 거기에 갔다고 말했고, 우리는 그를 따라 갔다. 게이트로 보내서 교토에 가지 않았다는 것을 알았지 만 우리를 보내기 위해 특별한 여행을했고 플랫폼을 신중하게 설명 한 후 일본에 오신 것을 환영합니다.",夏影,5,완벽해요!,2,작성일: 2015년 10월 26일
"휴면 기간에 활화산은 다시 방문 할 가치가 있습니다. 먼저 후지산은 구름으로 덮여 있기 때문에 전체 그림을보기 위해 특별한 날씨가 필요합니다. 후지산 주변의 경치 좋은 곳도 매우 아름답습니다. 한 번 가면 충분하지 않습니다. 일반적으로 관광객들은 5개 역으로 올라갈 수 있으며, 위로 올라가려면 특별 신청이 필요합니다.",海洋主义,5,완벽해요!,2,작성일: 2018년 2월 21일
"매우 유명한 장소, 좋은 지리적 환경 및 편리한 교통",_We***92,5,완벽해요!,0,작성일: 2020년 9월 1일
"일본의 상징, 방문객들은 성지를 확인하고 방문 할 가치가 있습니다.",little GIANT,5,완벽해요!,0,작성일: 2020년 5월 2일
날씨가 좋으면 아름다운 경치를 볼 수 있습니다.,leqinwei,5,완벽해요!,0,작성일: 2020년 8월 18일
기차에서 후지산을 보았지만 그의 아름다움은 여전히 모든 사람에게 깊은 인상을 받았습니다. 이 거의 원 모양의 산 꼭대기는 눈으로 덮여 있으며 매우 곧고 서 있습니다. 일본의 상징이 될 가치가 있습니다. 일본 사람들의 마음 속의 성산입니다.,royal_tian01,5,완벽해요!,0,작성일: 2018년 11월 3일
"나는 산이있는 곳으로 가고, 산 옆에 사는 것을 좋아한다.",小卜的冯叔,5,완벽해요!,0,작성일: 2020년 5월 24일
멀리서 보면 가장 아름답습니다. 봄에는 벚꽃을 볼 수 있습니다. 가을에는 단풍을 볼 수 있습니다.,janeliu2019,5,완벽해요!,0,작성일: 2020년 3월 6일
"일본에 도착해야하는 후지산, 신비한 ️",里朴岛夏侯霸,5,완벽해요!,0,작성일: 2020년 2월 7일
진정한 얼굴을 볼 수 있습니까? 운명에 따라 다릅니다.,leqinwei,5,완벽해요!,0,작성일: 2020년 12월 19일
"아주 아름답고, 멋진 풍경, 다시 올 기회가 있습니다.",Hutao_luna,5,완벽해요!,0,작성일: 2020년 7월 1일
벚꽃이 만개하는 계절이 가장 아름답습니다. 멀리서 바라보다,janeliu2019,5,완벽해요!,0,작성일: 2020년 2월 24일
후지산은 일본에서 가장 높은 봉우리로 시즈오카현과 야마나시현에 걸쳐 휴화산으로 태평양 해안에 가깝습니다. 일본에서 가장 높은 봉우리이자 일본에서 숭배하는 산입니다! 벚꽃 축제는 특히 아름답습니다. 벚꽃이 반사되는 후지산은 특히 아름답습니다!,旅行博主小张,5,완벽해요!,2,작성일: 2018년 4월 6일
"후지산은 일본의 상징이며 일본과 동의어입니다. 후지산은 정말 아름답습니다. 산의 상반부는 일년 내내 눈으로 덮여 있습니다. 후지산의 위치는 혼슈 섬의 한가운데에 있으며, 일본 혼슈 전체가 날씨가 좋을 때 볼 수 있습니다.",juki235,5,완벽해요!,2,작성일: 2017년 1월 3일
"겨울에는 후지산을 기다릴 수는 없지만 멀리서 후지산을 보는 것도 기분이 좋습니다. 시즈오카 시미즈의 미호 마쓰바라에서 바다 건너편에는 소나무 숲, 푸른 하늘, 흰 구름, 해변, 바닷물과 후지산이 같은 화면으로, 시즈오카 일본 평에서 후지산, 도시, 잔디, 후지산이 같은 화면으로 보입니다.",zwx2022,5,완벽해요!,1,작성일: 2019년 2월 12일
"후지산은 도쿄, 가나가와현, 야마나시현, 시즈오카현의 4개 행정 구역에 속합니다. 후지산은 일본에서 가장 유명한 명소 중 하나이며 일본 3대 성산 중 하나입니다.",咖啡渣,5,완벽해요!,1,작성일: 2020년 1월 2일
운이 나쁘지 않습니다. 아침에 후지산의 전체 그림을 보았습니다. 불행히도 눈이없고 시간이 잘못되었습니다. 벚꽃 시즌에 올 시간이 있기를 바랍니다. 다음에 신창산 센지 사원에 가서 후지산을 볼 것입니다. 관찰 포인트.,过年不回家,5,완벽해요!,0,작성일: 2018년 10월 10일
"하늘은 타마 히비스커스로 피어 있으며 후지산은 정말 잊을 수 없습니다. 운 좋게도 후지산으로가는 길에 비가 내린 후 날씨가 맑아졌고, 후지산은 구름과 안개에서 어렴풋이 나타나 마침내 진정한 모습을 드러냈습니다. 일본에서 돌아온 후, 나는 꿈에서 후지산을 기억할 것입니다.",旅途悠者,5,완벽해요!,2,작성일: 2017년 12월 22일
일본에 와서 후지산을 보지 못한 것은 유감입니다. 후지산은 3776 미터로 일본에서 가장 높은 산입니다. 일본 국가의 상징 중 하나이며 세계적으로 유명합니다. 산 꼭대기에 눈이 없기 때문에 여름에 Futu Mountain을 보지 마십시오. 후지산은 흰 옷을 입고 더 아름답다고 생각합니다.,花儿笑笑1,5,완벽해요!,4,작성일: 2016년 10월 7일
후지산의 풍경은 매우 아름답습니다. 푸른 하늘과 흰 구름은 매우 신선하고 세련되며 독특한 매력 중 하나이며 온도가 적당하고 공기가 신선하며 상쾌한 느낌이 있습니다. 나쁘지 않습니다!,gz当地向导伊妹儿,5,완벽해요!,1,작성일: 2019년 8월 30일
"후지산은 일본에서 가장 대표적인 명소로 일본에 오면 꼭 봐야 할 곳입니다. 5개 역은 높이 2305m의 후지산 중턱에 있으며 주차장, 기념품 가게, 신사, 식당 등이 있는 넓은 플랫폼이 있어 후지산을 보기에 좋은 위치입니다. 그러나 어떤 사람들이 설명했듯이 후지산은 부끄러운 소녀와 같습니다. 이번에 일본에 갔을 때 후지산에서 후지산을 오르는 길은 여전히 화창했지만 5 개 역에 도착했을 때 바람이 갑자기 기억되었고 머리 위의 구름이 빨리 모여 폭우가 내렸다. 후지산과 손을 잃은 것입니다.",露wong,5,완벽해요!,1,작성일: 2019년 11월 28일
"이번 시즌 후지산은 눈을 볼 수 없으며 투어 가이드는 길에서 예방 접종을 해 왔습니다. 오늘 날씨는 예측할 수 없습니다. 5 개 역에서는 반드시 후지산 정상을 볼 수는 없습니다. 물론 산 아래에서 후지산 정상을 볼 수 있습니다. 최고의 관찰 각도. 산 아래에서 보면 산 정상에 눈이 내리는 것은 보이지 않지만, 그런 산 정상에는 맛이 없습니다. 다음에 자유롭게 여행 할 수있는 기회를 갖기를 바랍니다. 친구들과 함께 산을 오르고 후지산 정상에 오르십시오. 어쨌든, 나는 그것을 약속했다. 소원을 빌 수 있기를 바랍니다.",深夜食堂君,5,완벽해요!,1,작성일: 2019년 10월 23일
"후지산은 일본에서 가장 높은 봉우리이며 일본의 중요한 국가 상징 중 하나입니다. 시즈오카 현과 야마나시 현에またがる 활화산은 도쿄에서 남서쪽으로 약 80km 떨어진 태평양 해안에 가깝습니다. 후지산은 일본 국민들에게 ""성산""으로 알려져 있으며 일본 민족의 상징입니다. 후지산의 눈 덮인 산 정상은 일본인의 주제입니다. 후지산 아래에는 5개의 호수가 있으며 호수와 산이 아름답고 경치가 매우 아름답습니다. 원시림, 폭포, 산악 식물도 있습니다. 일년 내내 자연 경관이 매력적일 뿐만 아니라.",zhangfeifei,5,완벽해요!,1,작성일: 2019년 8월 10일
"후지산은 일본의 상징으로 수만 년 동안 휴면한 화산으로 거대한 산으로 일본 섬의 많은 곳에서 직접 볼 수 있습니다. 후지산 정상은 일년 내내 눈이 내리고 구름과 안개가 미지근합니다. 일본인의 마음에는 신과 같은 존재입니다. 매년 많은 관광객이 후지산을 오르는데, 이는 거의 일본인의 집착이며 매우 의미가 있습니다.",juki235,5,완벽해요!,1,작성일: 2019년 6월 16일
"후지산은 일본 시즈오카현(후지미야시, 아시노시, 후지시, 고텐바시, 오토구리오야마초)과 야마나시현(후지요시다시, 미나쓰루구 나루자와촌) 사이에 걸쳐 있는 활화산입니다. 고도 3776.24 米는 일본에서 가장 높은 봉우리이며, 후지산은 일본의 상징으로 세계적으로 유명합니다. 후지산은 많은 예술 작품의 주제로 예술적 차원에서 광범위한 영향을 미칠뿐만 아니라 기후와 지층 등에서도 지질학적 영향을 미칩니다. 매달린 곡선 모양의 현무암 층의 화산으로 구성되어 있으며 산은 Luohe Bay의 해안까지 뻗어 있습니다. 예로부터 영봉으로 알려졌으며 특히 산 정상에는 신성한 상징으로 여겨진 센마 신사가 있습니다. 일시적으로 분화가 없었기 때문에 일본 律令제에 따라 센겐 신사를 세워 제사를 드리고 센겐 신앙을 확립했습니다. 또한 후지산 수험도는 후지산의 수험도가 개통되었으며 수험도의 영지로도 널리 알려져 있으며 참배를 실천했습니다. 이 후지 신앙은 시대가 바뀌면서 다양해져서 무라야마 수익과 후지 강의와 같은 파벌을 형성했습니다.",肥小满,5,완벽해요!,1,작성일: 2019년 2월 18일
"이번에는 일본에서 가장 중요한 명소 중 하나가 없습니다. 후지산은 항상 일본의 상징 인 일본 산으로 알려져 있습니다. 내가 올라간 산은 많지 않았고, 4 개의 눈에서 정상을 올려다 보거나 산 주변의 산을 내려다보고 있습니다. 두 번째 역에 도착했을 때, 투어 가이드가 소개 한 자살의 성지, 휴대 전화에 신호가없고, 나침반이 고장났다고합니다.",Sylvester,4,최고에요!,5,작성일: 2016년 12월 19일
후지산은 일본의 상징이자 일본에서 가장 높은 봉우리입니다. 일본에 오면 후지산에 가야합니다. 버스는 5 개 역으로 만 갈 수 있으며 나머지는 스스로 가야합니다. 5 개 역에는 기념품 가게가 있으며 기념품을 구입할 수 있습니다.,熊猫的彩照,5,완벽해요!,2,작성일: 2017년 2월 7일
지난번과 달리 멀리서 볼 수 있습니다. 이번에는 후지산을 오르고 싶습니다. 후지산은 일본을 상징하는 기회입니다. 안개가 너무 커서 정상에 오르더라도 아무것도 볼 수 없습니다.,royal_tian01,5,완벽해요!,0,작성일: 2019년 7월 17일
"운이 좋다, 우리는 후지산에 와서 날씨가 좋다! 5 개의 역으로 직접 차를 타고 산 중턱에 가서 그것을 보십시오. 산 정상에 남은 5 개의 역은 등산 카드를받은 사람들 만 도보로 갈 수 있습니다. 많은 아름다운 순간이 보이지 않기 때문에 케이블카를 타는 것은 권장하지 않습니다!",旅行博主小张,5,완벽해요!,1,작성일: 2018년 5월 11일
멀리서보고 길을 따라보고 가까이 접촉하지 않았습니다! 후지산은 만리장성과 같으며必ずしも 아름답지는 않지만 매우 중요합니다. 재미보다 의미가 더 큽니다! 적어도 한 번 볼 수 있습니다!,慕慕野,5,완벽해요!,4,작성일: 2016년 4월 19일
"물건은 매우 맛있습니다. 특히 후지산의 옥수수와 해산물 스틱, 아름다운 풍경, 너무 적은 옷을 입고, 결과는 너무 아름답습니다.",圆小一,5,완벽해요!,0,작성일: 2015년 10월 18일
10 월 후지산의 붉은 단풍은 매우 아름답고 공기 질은 매우 좋습니다.,lzli99,5,완벽해요!,0,작성일: 2015년 10월 16일
"내가 왔을 때, 그것은 산을 막 덮었으므로, 나는 단지 한 정거장에 갈 수 있었고, 산을 올라갈 수 없었습니다. 멀리서 찍은 사진은 여전히 매우 아름답습니다. 특히 후지산의 구름은 날씨가 매우 추웠습니다. 충격복 만있을 수 있습니다. 충분하지 않습니다. 따뜻하게 유지하기 위해주의를 기울이십시오. 따뜻한 아기를 준비 할 수 있습니다.",浮年锦记,5,완벽해요!,2,작성일: 2016년 11월 28일
"후지산을 세 번 찍었습니다. 한 번은 후지산 아래에있는 호텔 밖에 있었는데, 어느 날 밤 눈이 내렸고, 한 번은 도쿄로가는 길에 있었고, 마지막으로 비행기로 돌아 왔습니다. 우리 그룹은 후지산의 4 개 지점이지만 멀리서 보는 것이 더 좋습니다.",M87***54,4,최고에요!,6,작성일: 2016년 4월 15일
춘절 기간 동안 친구들과 일본을 여행하면서 후지산의 아름다움에 깊이 매료되어 매료되었습니다. 풍경은 매우 아름답고 풍경은 아름답고 매력적입니다. 마치 낙원에 있는 것처럼 흥미롭고 가치가 있습니다.,gz当地向导伊妹儿,4,최고에요!,4,작성일: 2018년 3월 13일
일본의 산은 가치가 있습니다! 눈 덮인 산 근처에 구름이 있고 멀리서 보면 매우 아름답고 신비합니다. 주변 공기가 매우 좋고 식물이 무성하고 일본의 전통 건축물도 매우 아름답습니다. 유일한 단점은 너무 유명 할 수 있다는 것입니다. 관광객이 너무 많습니다.,uniquecyw,5,완벽해요!,2,작성일: 2017년 3월 24일
후지산은 더 이상 일년 내내 눈이 내리지 않으며 여름에는 눈이 없습니다. 그러나 후지산을 바라보는 가와구치 호수에 서있는 것은 여전히 아름답습니다.,华-Rainbow,4,최고에요!,0,작성일: 2020년 11월 24일
후지산은 일본에서 가장 유명한 명소입니다. 여름에 오는 일본 후지산에는 눈이 전혀 없습니다. 거의 인식 할 수 없습니다. 산은 여전히 크지 만 매우 아름답습니다.,可爱的可达鸭,5,완벽해요!,0,작성일: 2019년 12월 29일
일본에 대해 말하면 벚꽃 외에 가장 유명한 것은 후지산이어야합니다. 나는 후지산을 네 번 보았다. 처음은 2004 년이었다. 후지산에 올라간 것은 유일한 시간이다. 그러나 시간 때문에 나는 멀리 가지 않았다. 나는 5 개 역으로 가지 않았다. 산은 유황과 같은 것들로 가득 차있다. 두 번째는 하코네에서 버스에서 보았는데 매우 아름다웠습니다. 세 번째는 베이징에서 하네다로가는 길에 하늘에서 본 후지산은 우뚝 솟아 있었고 매우 장관이었습니다. 도쿄에서 나고야로가는 길에 눈이 덮여있어 매우 장관이었습니다.,独行的蜗牛🐌,5,완벽해요!,0,작성일: 2019년 10월 15일
"후지산을 보지 못했다고 말할 수 있습니까? 100km 이상 운전하고 흐린 날을 따라 잡으십시오. 일본에서 어떤 사람들은 후지산을 볼 수있는 가장 좋은 장소라고 말했습니다. 오늘은 볼 수 없을 것으로 추정됩니다. 그러나 나는 그것을 느꼈다, 그것은 나의 반대편에 있어야한다, 하하. 나는 다시 올 것이다, 나는 다음에 확실히 볼 것이다. 친구는 근처의 과일 가게가 매우 저렴하며 (일본 과일은 정말 비싸다) Yamashita Village의 오징어 밥이 맛있고 추천된다고 말했습니다.",般若不若,4,최고에요!,0,작성일: 2019년 9월 22일
"13 년 전 ""후지산 아래""라는 노래는 많은 젊은이들을 감동 시켰고, 수없이 들었지만, 얼마나 많은 사람들이 Lin Xi의 단어를 이해했는지 이해했습니다. 13 년 후, 우리가 후지산 아래에 서서 조용히 눈앞의 아름다움을 즐기고, 마음은 을 수밖에 없었습니다. 이것이 가장 아름답지 않습니까? 이틀 전, 그녀는 여전히 비파를 들고 반쯤 나타나기를 거부했습니다. 오늘, 하늘은 마침내 맑아졌고, 우리는이 산을 잘 즐길 수 있습니다. 가와구치 호수 앞에 서서 거울처럼 잔잔한 호수는 후지산을 비추는 위엄 있고 숙녀의 성녀처럼 얇은 흰 거즈를 입고 있습니다. 지난 이틀 동안 눈이 내렸기 때문에 후지산 관리 사무소는 산을 닫았습니다. 5 개 역은 열리지 않으며 등반 할 수 없습니다.",VV云云,5,완벽해요!,0,작성일: 2019년 3월 8일
"후지산은 일본 징강현과 이현의 교차점에 위치하고 있으며 도쿄에서 80km 떨어져 있으며 일본 최초의 봉우리이자 휴화산으로 높이 3775m로 세계문화유산으로 등재되어 있습니다. 후지산은 구름 속에 우뚝 솟아 있고, 산 정상은 눈으로 가득 차 있고, 눈을 보면 거꾸로 매달린 부채처럼 보입니다. 가장자리에는 Jianfeng, Baishan Mountain, Kusushi Mountain, Dayu Mountain, Izu Mountain, Joshi Mountain, Kodake Mountain, Sanyue Mountain이 있습니다. 8개의 봉우리가 있습니다. 명성.",老老倪,5,완벽해요!,0,작성일: 2019년 1월 25일
"후지산은 일본에서 가장 높은 봉우리이며 일본의 중요한 국가 상징 중 하나입니다. 시즈오카 현과 야마나시 현에またがる 활화산. 후지산은 일본 국민들에게 ""성산""으로 알려져 있으며 일본 민족의 상징입니다. 일본의 국가 상징 중 하나로서 세계적으로 유명합니다. 그것은 또한 ""푸롱 봉"" 또는 ""후유케"" 및 ""부얼의 가오링""으로 자주 알려져 있습니다. 고대부터 이 산의 이름은 일본의 전통 시 ""와카""에 자주 등장했습니다. 일본 시인들은 한때 ""옥 부채가 둥카이텐에 매달려"", ""후지와이노노노에 반사된 일출""과 같은 시를 사용하여 그것을 칭찬했습니다.",渣子李先生,5,완벽해요!,0,작성일: 2018년 10월 25일
"후지산을 여행하는 방법은 여러 가지가 있으며 봄에는 벚꽃 명소로 매우 좋습니다. 후지산을 보기에 가장 좋은 위치는 가와구치코 호수 일선이며, 숙박할 수 있는 일본식 후지산 전망 호텔도 많이 있습니다. 여름에 등산이 열리면 산책로를 따라 올라갈 수 있습니다. 후지산 주변에는 일본에서 매우 유명한 ""후지큐 파라다이스""도 있으며, 롤러코스터에서 후지산을 즐길 수 있는 특이한 유령의 집으로 유명합니다.",子龙糖糖,5,완벽해요!,0,작성일: 2018년 9월 10일
"일본의 후지산은 중국의 만리장성, 미국의 자유의 여신상, 프랑스의 에펠탑, 런던의 빅벤과 동일합니다. 일본 국민의 후지산에 대한 사랑은 내 마음에서 비롯되지만 실제로는 화산 일뿐입니다. 도쿄에서 자동차로 약 2 시간 30 분이 소요됩니다. 일본에서는 그리 가깝지는 않지만 일본에 가면 후지산을 보러 가야합니다. 후지산에 도착하기 전에 일반적으로 오시노 하치하이에 머무르는 것은 매우 작지만 풍경이 좋은 곳에서 정차 한 다음 산을 계속 올라갑니다. 일반적으로 관광객들은 산 중턱에 가서 부처를 숭배하고 후지산 우체국으로갑니다. 산에서 다양한 기념품을 구입하십시오. 365 일에 300 일 동안 안개가 자욱하고 정상을 볼 수는 없지만 운이 좋으며 산의 전체 그림을 보았습니다.",洛洛,5,완벽해요!,2,작성일: 2017년 3월 3일
"후지산은 일본에서 가장 높은 봉우리로 오시노 하치하이로가는 길에 멀리서 볼 수 있습니다. 가까이 도착하기 전에 자동차는 5 개 역의 산 중턱까지 운전할 수 있으며 여기에는 넓은 주차장이 있습니다. 5 개 역의 후지산을 바라 보면 산 꼭대기는 눈으로 둘러싸여 있고 흰 구름은 란란 하늘을 매우 밝게합니다. 산 정상에는 바람이 불고 약간 춥습니다. 나는 또한 많은 등산객을 보았고, 장비는 매우 완벽했고, 큰 등산 가방을 들고, 일부는 지팡이를 들고있었습니다.",D93***07,5,완벽해요!,2,작성일: 2016년 3월 4일
"후지산은 일본 최초의 봉우리이자 일본인의 마음 속의 성산입니다. 일반적으로 외국인 관광객들은 일본을 여행하며 기본적으로 일본의 유명한 산의 경치를 감상하고 구경합니다. 사실 후지산은 중국의 3 개의 산과 5 개의 산, 4 개의 불교 산과 같은 중국의 유명한 산과 비교할 수 없습니다.",何游天下,4,최고에요!,1,작성일: 2019년 12월 3일
"일본에 처음 갔을 때 개인 맞춤형 틈새 투어 그룹에 참여했는데 교통의 역전이 없었습니다. 일본의 상징 인 후지산은 실제로 개인 소유였습니다. 후지산 전체가 완벽하고 멀리서도 매우 아름답습니다. 첸 이순의 후지산 아래에서 듣고, 후지산을 다시 보면 기분이 좋지 않습니다.",CD云上,4,최고에요!,0,작성일: 2019년 9월 17일
"후지산은 동화처럼 후지산을 바라보며 가와구치호를 걷습니다. 가을은 하늘을 연속적으로, 푸른 하늘은 씻고, 강과 산은 그림처럼 아름답습니다. 나는 조용한이 해변 도시를 좋아합니다. 후지산과 태평양에는 푸른 호수가 많이 있습니다. 단풍, 숲, 목초지 및 우정이 있습니다.",Tiramisu8511,5,완벽해요!,2,작성일: 2017년 11월 6일
"우리는 겨울에 가고, 버스는 한 정거장까지만 운전할 수 있고, 후지산을 멀리서 볼 수 있습니다. 겨울에는 산에 눈이 보입니다. 어머니는 5 월에 가고 눈은 거의 녹습니다. 그러나 차는 산으로 운전할 수 있으며 날씨에 다른 후지산을 느낄 것입니다. 여전히 방문할만한 가치가 있습니다.",118***28,5,완벽해요!,2,작성일: 2016년 7월 21일
강라에서 작은 기차를 타고 오와쿠다니로 케이블카로 갈아타십시오. 후지산은 오른쪽에 있으며 후지산을 처음 보았을 때 정말 충격을 받았습니다. 일본의 상징 중 하나. 산 아래에 콘센트가 있으며 쇼핑몰에서 후지산을 볼 수 있습니다. 매우 추천합니다.,薄荷-绿好彩,5,완벽해요!,2,작성일: 2015년 12월 15일
"아침에 일어나서 아름다운 후지산을 보았습니다. 호텔은 4 층 높이에 불과하며, 내 방의 발코니 측면에서 후지산의 탁 트인 전망을 명확하게 볼 수 있습니다! 건물 꼭대기에서 산을 보는 것은 막힘이 없습니다! 오늘은 또 다른 화창한 날이며, 하늘 아래 눈 덮인 봉우리는 거룩하고 아름답고 충격적이며 매력적입니다! 이 여행은 완벽합니다!",精灵背包游侠,5,완벽해요!,0,작성일: 2019년 1월 30일
도쿄 서부에 서 있는 일본 후지산은 세계에서 가장 큰 활화산 중 하나이며 일본의 상징입니다. 날씨가 좋으면 배에서 후지산을 보는 것은 정말 멋진 일입니다. 바다를 향한 방향으로 후지산의 전체 그림을 볼 수 있습니다. 발바닥이 해안을 때리는 파도입니다.,Tiramisu8511,5,완벽해요!,2,작성일: 2017년 12월 3일
"지난번에 후지산에 갔을 때 한여름이었습니다. 7 개 정거장에 도달했지만 후지산의 눈은 보지 못했습니다. 이번에 다시 가면 마침내 눈이 생겼지만 많지는 않지만 아무 것도 얻지 못합니다. 오랫동안 기다린 후, 흰 구름이 떠 다니고 후지산에 모자를 쓴다.",139***60,5,완벽해요!,0,작성일: 2019년 10월 31일
"유명한 후지산은 항상 어렴풋이 나타나며, 맑은 날에도 실제 모습을 드러내기가 어렵습니다! 오만하고 차가운 후지산은 실제로 수줍은 아름다운 소녀입니다! 매일 구름에 숨어 세상의 아름다움을 몰래 엿보고 있습니다! 그만큼 높지는 않지만 일본에서 가장 높은 산입니다.",ccjccj,4,최고에요!,0,작성일: 2018년 10월 24일
"후지산은 일본의 상징이며, 후지산은 여전히 매우 아름답습니다. 자연 경관 유산 중 하나이지만 구름이 많은 날씨는 구름 뒤에 숨겨져 있습니다. 운이 좋습니다! 그러나 3 월과 4 월에 가지 않았고 벚꽃을 보지 못했습니다.",旅行博主小张,5,완벽해요!,2,작성일: 2018년 3월 26일
"후지산은 일본의 상징이며, 사계절마다 다른 볼거리가 있습니다. 매년 4 월과 5 월에는 후지산이 가장 좋습니다. 벚꽃과 눈의 절반이 특히 아름답습니다. 여름에는 눈이 없지만 후지산을 올라갈 수 있습니다. 일본에서 가장 높은 봉우리의 느낌",深呼吸in东京,5,완벽해요!,1,작성일: 2019년 9월 6일
"천산의 전망대는 후지산을 볼 수 있는 훌륭한 전망을 제공합니다. 방문객들은 가와구치코 후지산 파노라마 케이블카를 타고 산을 올라갈 수 있으며, 케이블카는 전망대까지 약 3분 거리에 있습니다. 발의 힘이 허락한다면 산을 오르는 것도 선택하고 편도 도보로 약 40분 거리에 있으며 길에 다자이오시 문학 기념비가 보입니다.",子龙糖糖,5,완벽해요!,0,작성일: 2019년 3월 20일
일본 친구들의 축복으로 후지산에 처음으로 가까이 왔습니다. 나는 어렸을 때 후지산에 대해 들었습니다. 이것은 그의 눈으로 돌아와서 다른 각도에서 그를 관찰하고 그의 차이를 보는 것이 매우 흥미 롭습니다. 팀 투어를하지 말고 꽃을 볼 수 있습니다.,翱翔的大鲨鱼,4,최고에요!,2,작성일: 2017년 12월 27일
"매우 가치있는 곳, 아름다운 풍경, 쾌적한 풍경, 가고 싶은 곳! 우리는 가와구치 호수에 갔고, 큰 돌 공원이있을 것이라고 기대하지 않았습니다. 정원은 매우 아름답고 사진을 찍고 후지산을 찍기에 좋은 명소입니다. 오시노 하치하이는 유명한 명소이며 방문할만한 가치가 있습니다!",你好在吗123,5,완벽해요!,0,작성일: 2018년 8월 5일
후지산은 지역 신성한 산입니다. 매우 아름답고 엄숙합니다. 산 정상에서는 항상 일년 내내 하얀 눈으로 덮여 있습니다. 그러나 산 중턱 아래에서 계절이 바 때 눈이 녹습니다. 모두가 산에 올라 자연의 아름다움을 느끼고 운동을 할 수 있다는 것이 강합니다.,whoisangel,5,완벽해요!,0,작성일: 2018년 5월 4일
"보기 드문 아름다운 풍경, 내가 그날 갔을 때 안개가 낀다. 오시노 하치하이에서 멀리서 볼 수있다.",leqinwei,4,최고에요!,0,작성일: 2020년 4월 18일
"태풍의 영향을 받아 바람과 비가 많았고, 바람이 날아 갔고, 날씬한 사람이 뚱뚱한 남자를 이륙 시켰고, 2 시간 동안 기다린 후에도 아름다운 풍경을 볼 수 없었습니다. 그러나 오를라로 향하는 산에서 구름과 안개가 어 진 얼굴을보고 감사했습니다. 만리장성에 오지 않으면 영웅이 아니며 일본에 올 수도 있습니다. 후지산은 꼭보아야합니다.",爱走路爱跑步,4,최고에요!,0,작성일: 2019년 8월 17일
우리는 후지산의 온천 호텔에 머물지 않았지만 당일 앞뒤로 온라인으로 특별 차량을 예약하는 것이 매우 편리했습니다. 이 명소는 일본의 명함이라고 할 수 있으며 멀리서 보면 백설 공주가 매우 충격적입니다.,travelererer,5,완벽해요!,0,작성일: 2019년 6월 7일
럭키[승리]일射がいいので、신칸센で通りかかった 후지さんが見える[得意] 역弁当は噂通り美味しい。駅売り場のおばあちゃんも優しい[愉快],我的宝贝小胖子,5,완벽해요!,2,작성일: 2016년 12월 11일
"날씨 때문에 후지산은 봉쇄되어 후지산의 ""가장 유명한""명승지 ""1 역 주차장""을 방문해야했고, 후지산 공기 캔 650 엔이라고 불리는 몇 가지 슬로건을 흡수했습니다.",闲来有趣,4,최고에요!,1,작성일: 2019년 1월 20일
"후지산은 일본에서 가장 높은 봉우리이며 세계에서 가장 큰 활화산 중 하나입니다. 표준 원 모양은 매우 대칭적이며 상단은 종종 눈으로 덮여 있으며 모자와 비슷하며 많은 경우에 볼 수 있으며 일본 국가의 상징입니다. 날씨가 좋으면 도쿄 시내에서 볼 수 있습니다. 한 번 본 적이 있습니다. 현재 휴면 상태이며, 마지막 분화는 1707 년이며, 그 이후로 지금까지 휴면되었습니다. 높이는 3775.63 미터입니다. 2013 년 6 월 후지산은 세계 유산 목록에 등재되었습니다. 이번에는 등산 할 시간이 없었습니다. 멀리서 보면 여전히 아름답습니다.",闲来有趣,4,최고에요!,1,작성일: 2018년 8월 22일
날씨가 좋지 않아 첫 번째 장소에 도달합니다. 당신이오고 싶다면 미리 날씨에 대해 낙관적 인 것이 좋습니다. 그렇지 않으면 평생이 방문 할 가치가 있기 때문에 정말 후회합니다! 다행히도 오늘 날씨가 좋았고 후지산 정상을 보았습니다!,YoYo江阴,5,완벽해요!,2,작성일: 2017년 4월 3일
후지산의 풍경은 정말 아름답습니다. 그것은 정말로 아름다운 풍경입니다. 깨끗하고 영혼이 있습니다. 그리고 우리는 운이 좋습니다. 후지산을 본 직후 구름과 안개로 덮여 있습니다. ​ 주변의 경치도 매우 좋습니다. 방문할만한 가치가 있습니다!,文文玫瑰,5,완벽해요!,0,작성일: 2019년 11월 15일
후지산은 일본에서 가장 아름답지만 산 아래의 경치를 내려다 보는 것은 특별한 감정입니다. 녹색 눈으로 가득 차있어 매우 눈길을 니다.,周游列国,5,완벽해요!,1,작성일: 2017년 4월 25일
후지산 5개 역은 5개의 소인으로 덮여 있습니다. 고텐바 아울렛에서도 후지산을 볼 수 있습니다.,320***05,5,완벽해요!,2,작성일: 2016년 9월 30일
"일본의 유명한 산, 후지산은 좋습니다. 신주쿠에서 버스를 타고 후지산 5 개 역의 산 정상에 도착하는 데 2 시간 이상이 걸렸습니다. 흰 구름이 눈앞에 있습니다. 산 꼭대기의 가격은 산 아래와 비슷합니다. 비싸지 않습니다.",风悦吴边,5,완벽해요!,0,작성일: 2019년 9월 11일
일본의 상징 인 후지산은 3 월에 눈이 내리고 5 정거장에 가고 싶었습니다. 눈이 산을 닫았 기 때문에 차는 2 정거장에만 올라갈 수 있습니다. 산에 갈 수는 없지만 멀리서 보는 후지산은 여전히 놀랍습니다. 아름답습니다.,cathy34,5,완벽해요!,2,작성일: 2015년 12월 21일
후지산은 정말 아름답습니다. 나는 당신을 보러 가야합니다! 전날 눈이 내렸고 투어 가이드는 우리가 매우 운이 좋다고 말했습니다. 후지산의 아름다움을 명확하게 볼 수 있습니다! 전날 우박이 있었지만 후지산에 갔을 때 하늘은 맑아서 하루 종일 볼 수 있어서 운이 좋았습니다.,天生哥,5,완벽해요!,0,작성일: 2018년 10월 22일
날씨가 매우 좋았습니다. 푸른 하늘과 흰 구름이 후지산의 완전한 명확한 버전을 보았습니다! 투어 가이드는 3 월 후지산이 올해 가장 아름다운 후지산이라고 말했습니다.이 기간에는 날씨가 춥지 않습니다. 정말 아름답습니다!,诗意情节,5,완벽해요!,2,작성일: 2017년 12월 19일
고도는 3775.63 미터로 일본에서 가장 높은 봉우리이며 세계에서 가장 큰 활화산 중 하나입니다. 그러나 후지산은 1707 년 이후에 휴면기에 진입했으며 다시 폭발 할 가능성이 적습니다.,张拉拉999,5,완벽해요!,2,작성일: 2017년 8월 25일
일본의 후지산은 실제로 일생에 한 번 방문 할 가치가있는 곳입니다. 후지산 근처의 호텔에 머물 수 있습니다. 화창한 날이면 창문을 열면 멀지 않은 장엄한 장엄함을 볼 수 있습니다.,琳达Linda琳达,5,완벽해요!,2,작성일: 2017년 3월 16일
"일본의 후지산의 고지대를 상징하는 서서 후지 5호, 야타케, 남알프스의 아름다운 가을이 당신처럼 펼쳐지는 장면은 평생 잊지 못할 것입니다.",驴小侠旗舰店旅游顾问—彭利云,5,완벽해요!,2,작성일: 2016년 7월 2일
"후지산 ～ Du Mu ""Mountain Travel""은 한산 돌길에서 멀리 떨어져 있으며 흰 구름의 깊은 곳에는 가족이 있습니다. 주차는 메이플 숲을 사랑하고 서리 잎은 붉게 물들고 5 월 꽃입니다. 산과 바다 구름 사이에 안개가 자욱하고 운이 좋게도 귀족을 만나러 나가고 산의 머리를 몇 도 흰색으로보고 집을 돌려달라고 요청하십시오 [미소]",E00***94,4,최고에요!,1,작성일: 2016년 4월 27일
후지산은 일본에 대한 나의 첫 번째 명소이므로 일본에 가야합니다. 우리는 후지산에서 일출을 보았습니다. 아침 후지산은 정말 아름답습니다. 빛은 부드럽고 사진은 블록버스터입니다.,E03***23,5,완벽해요!,2,작성일: 2018년 3월 2일
네온의 가장 대표적인 명소 ～ 가까이에서 보거나 멀리서 볼 때 매우 장관입니다 ～,糯米团子lemon,4,최고에요!,0,작성일: 2020년 5월 6일
"아름다운 곳, 우리는 거기에 갔고, 눈, 눈, 그러나 전혀 춥지 않고, 눈을 밟고, 살사의 소리를 듣고, 너무 동화 나라입니다.",905***73,5,완벽해요!,0,작성일: 2016년 2월 2일
"아름다워! 정말 아름다워! 멀리 후지산, 파란색과 흰색의 색상, 신선하고 깨끗한, 일년 내내 눈이 내리는 산 정상을 내려다 보면, 사람들은 이것이 화산이라고 생각할 수 없습니다. 하하, 걱정하지 마십시오. 분화의 확률은 크지 않습니다. 안심하고 방문 할 수 있습니다.",你知道D乜,5,완벽해요!,1,작성일: 2019년 3월 31일
"후지산은 일본에서 가장 높은 봉우리이며 일본의 중요한 국가 상징 중 하나입니다. 시즈오카 현, 야마나시 현에またがる 활화산은 도쿄에서 남서쪽으로 약 80km 떨어진 태평양 해안에 가깝습니다. 너무 아름다워 질식",huang244483,5,완벽해요!,2,작성일: 2018년 3월 29일
후지산의 겨울 설경은 작은 흰 모자처럼 아름답습니다.,旅行一123,4,최고에요!,0,작성일: 2020년 10월 9일
일본의 후지산에 대한 중국인의 이해는 기본적으로 중국 만리장성에 대한 외국인의 인식과 같습니다! 불행히도 만리장성은 일년 내내 있습니다! 후지산의 눈 꼭대기는 겨울에만 있습니다! 이제 따뜻한 겨울입니다! 여름은 자연스럽게 보이지 않습니다!,酒仙老周,4,최고에요!,1,작성일: 2019년 8월 26일
"깨끗하고 정중하며 쾌적한 환경과 아름다운 풍경, 높은 문명",璧影,5,완벽해요!,2,작성일: 2016년 5월 13일
후지산은 겨울에 가야하며 5 월에는 산 아래의 벚꽃이 보일 것입니다.,旅行一123,4,최고에요!,0,작성일: 2020년 11월 6일
"후지산 기의 모든 주거지는 매우 기질이 있습니다. 아침에 일어나서 언모 사이를 산책하고, 멀리 후지산을 내려다보고, 신선한 공기를 마시고, 그들의 삶이 너무 우아하고 편안하다는 것을 느낍니다.",肥小满,5,완벽해요!,2,작성일: 2017년 3월 26일
좋은 성스러운 산. 후지산은 시즈오카 현과 야마나시 현에 걸쳐 있으며 해발 3776m의 일본에서 가장 높은 봉우리입니다. 이 휴면 화산은 일본의 상징이며 세계 문화 유산으로 등재되어 있습니다. 날씨가 좋으면 도쿄와 요코하마에서 볼 수 있습니다.,xintian111,4,최고에요!,4,작성일: 2016년 4월 18일
"나는 지난 몇 년 동안 거기에 있었고, 아주 좋았습니다. 다시 볼 수있는 기회가 있습니다.",国事家,4,최고에요!,0,작성일: 2020년 7월 2일
"후지산은 여전히 멀리서 볼 필요가 있으며 계절마다 다른 풍경을 감상 할 수 있습니다. 불행히도, 그것은 시간이 아니며 눈도 단풍도 없습니다. 다행히도, 나는 후지산의 전체 그림을 보았습니다. 가와구치 호수에서 후지산의 반사를 보았고 흰색이 없었습니다.",过年不回家,4,최고에요!,0,작성일: 2018년 10월 23일
나는 이곳의 풍경을 좋아한다. 그것은 일종의 미인이다. 나는 가까이 가면이 아름다움을 볼 수 없다. 나는 가을 아침에 일어나서 창을 통해 멀리 후지산을보고 구름 ☁의 흐릿한 방에서 ...,冬日里的缕缕阳光,5,완벽해요!,1,작성일: 2018년 10월 20일
"눈이없는 후지산은 검은 색이지만 운이 좋게도 볼 수 있습니다. 구름 바다는 매우 장관이며 구름 연기는 매우 가깝습니다. 손끝에 닿는 곳, 공기는 매우 신선합니다. 동화 나라는 일반적으로 ～ ​​​ 하하하",小月亮弯弯,5,완벽해요!,0,작성일: 2017년 10월 15일
"운이 좋다, 나는 후지산을 보았다! 내가 산에 처음 올라 왔을 때, 안개가 여전히 있었고, 특히 흐려졌고, 차는 매우 느렸다. 나는 버스에서 내린 지 5 분 만에 구름이 어지는 것을 보았고 후지산은 특히 눈에 분명하게 나타났습니다. 여전히 운이 좋다. 슈퍼마켓은 음식, 후지산의 공기, 30 위안을 판매 할 것이기 때문에 투어 가이드는 버스에서 내리고 공기를 더 많이 흡입하면 많은 하하하를 벌 수 있다고 말했습니다. 전반적으로 기분이 좋고 매우 신성한 곳이며 나중에 다시 올 것입니다. 겨울에 눈을 보면 풍경이 더 아름다울 것 같아요.",惠新西街南口,4,최고에요!,2,작성일: 2017년 8월 21일
일본의 상징적 인 풍경은 일본에서 가장 높은 봉우리이자 활동적인 화산입니다. 산을 오르고 싶다면 여름 7 월과 8 월 만 정상에 오르는 팀이 있습니다. 어렵지는 않지만 맨 위에는 잘 보이지 않는다고합니다. 고전적인 후지산 풍경을 보려면 겨울에는 눈이 가장 완벽하고 날씨가 좋고 촬영하기 쉽습니다. 봄에는 벚꽃과 가을에는 붉은 단풍이 있습니다. 좋은 선택이지만 약간의 눈과 좋은 날씨를 원하면 운이 필요합니다. 사실 도쿄에서는 후지산을 볼 수 있는데 일반적으로 산 북쪽에서 야마나시의 후지 5호를 방문하는 것을 선택합니다.,weikyxu,4,최고에요!,2,작성일: 2017년 4월 6일
후지산은 신주쿠에서 가와구치코까지 버스를 타고 약 2 시간 정도 소요됩니다. 미리 티켓을 구입하는 것이 가장 좋습니다. 가와구치코는 버스 티켓을 구입할 수 있습니다. 역에서 승하차하거나 자전거를 대여 할 수 있습니다. 후지산은 날씨가 좋습니다. 맑은 날에는 매우 명확하게 볼 수 있습니다. 그러나 후지산의 날씨는 예측할 수 없으며 시간이 있으면 후지산에 이틀 머무르는 것이 가장 좋습니다. 날씨가 맑을 때 풍경은 매우 아름답습니다! ! !,小木**,5,완벽해요!,2,작성일: 2017년 1월 1일
"나루자와 마을은 야마나시현 중남부에 위치하고 있으며 후지산 북쪽 기에 있는 마을입니다. 일본을 상징하는 성산인 후지산과 가깝습니다. 주변 시설이 완벽하고 상태가 양호하여 관광과 관람에 매우 적합합니다. 이웃은 후지요시다시, 후지가와구치코초, 오야마초, 후지미야시와도 연결되어 있습니다.길을 따라 여행할 수 있습니다.관광 산업이 매우 발달하고 편리합니다.여기에서 후지산의 장관을 감상할 수 있을 뿐만 아니라 고품질의 관광 서비스를 즐길 수 있습니다. , 그런 아름다운 풍경과 훌륭한 환경이 당신을 기다리고 있습니다.",Monkeyo,5,완벽해요!,2,작성일: 2016년 11월 16일
후지산은 산에 들어가는 것보다 멀리서 보는 것이 시각적 효과가 더 큽니다.평균 300년 이상 분화하는 휴면 활화산입니다.지난번 분화에서 300년이 넘었으므로 언제든지 스릴 넘치는 화산 폭발을 맞이할 수 있습니다. 산 전체가 10개 역으로 나뉘어져 있습니다. 날씨가 좋으면 차를 타고 5개 역으로 바로 갈 수 있습니다. 산 중턱에 가서 그것을 볼 수 있습니다. 나머지 5개 역은 산 정상에 오직 등산권을 받은 사람만 걸어서 갈 수 있습니다. 일년 내내 후지산을 볼 수 있는 날씨는 80일 미만이기 때문에 볼 수 있는지는 운이 필요합니다. 또한 산은 춥습니다. 옷을 입으십시오.,畅游天下888,5,완벽해요!,2,작성일: 2016년 8월 30일
"일본의 후지산은 너무 유명해서 일본에 오면 꼭 가봐야 할 곳입니다.후지산은 산기에서 산 정상까지 10개의 단계로 나니다. 각 단계는 ""하목""이라고 합니다. 산기에서 산 중턱까지 5개 역이라고 합니다. 5개 역에서 다시 올라가면 6개 역, 7개 역입니다. 산 정상의 10 개 역까지. 각 역에는 관광객이 쉴 수있는 곳이 있으며 버스는 2305 미터의 ""5 개 역""까지 올라갈 수 있습니다. 불행히도 지금은 시간이 아닙니다. 매년 7 월과 8 월에 한 달 동안 만 정상에 오르고 나머지 시간은 유지 보수이며 외부 개발은 정상에 오르지 않습니다.",288***75,5,완벽해요!,2,작성일: 2016년 5월 4일
"후지산을 보았을 때, 거기에 있었고, 오후에는 구름에 의해 막혔습니다. 날씨가 좋았습니다. 후지산의 4 개 지점에 순조롭게 올라갔습니다. 불행히도, 그것은 흰색이었고, 아무것도 볼 수 없었습니다. 멀리 후지산을 보는 것이 좋습니다. 드리프트 ~ 우리 그룹의 운전자는 매우 훌륭합니다. 우리는 조금 실망합니다. 후지산을 다시 보도록하겠습니다. 불행히도 구름에 의해 막혔습니다.",joyee金,4,최고에요!,2,작성일: 2016년 3월 14일
"천상산 정상은 일본의 유명한 전통 동화 ""카치카치산의 이야기가 주축으로 사향고양이와 토끼의 이야기로 케이블카 입구에 귀여운 사향고양이와 토끼 만화상이 있습니다. 가와구치코 호수의 아름다운 계절 풍경과 후지산의 바람을 즐길 수 있는 케이블카 빛. 산 정상에 위치한 ""산의 종""은 후지산을 마주보고 사진을 찍기에 가장 좋은 장소입니다.",My_Travel_Vest,5,완벽해요!,0,작성일: 2016년 3월 4일
"봄, 여름, 가을, 겨울은 다른 느낌을 가지고 있으며 편안한 장소입니다.",keigo-huang,5,완벽해요!,2,작성일: 2016년 2월 19일
"후지산은 일본에서 가장 먼저 반응하는 랜드 마크 중 하나이며,이 인생에서 꼭 가야 할 곳 중 하나입니다. 일본에서 가장 높은 봉우리 인 후지산은 현재 지구상에서 가장 큰 활화산 중 하나입니다. 후지산은 원추형 눈으로 보입니다. 매우 표류 라이앙, 화산 폭발이 조금 환상적이지만 ... 내 생각은 무엇입니까 ... 하하",天使在游荡,5,완벽해요!,0,작성일: 2016년 1월 13일
"후지산은 일본 최초의 봉우리이자 일본 민족의 상징이며 일본 국민들에게 ""성산""으로 알려져 있습니다. 후지산은 혼슈 남부에 위치하고 있으며 도쿄에서 동쪽으로 약 80km, 해발 3776m입니다. 산은 매달린 부채처럼 원 모양입니다. 일본 시인은 ""옥 부채가 둥지 하늘에 매달려 있습니다."" 후지산은 1707년에 18번 분화했으며 마지막은 1707년입니다. 이후 휴화산이 되었고 후지산 북쪽 기에는 후지 5호가 있으며 동쪽에서 서쪽으로 야마나카호, 가와구치호, 서호, 징진호, 목치호가 있으며 야마나카호에서 가장 크고 서호 기에는 붉은 단풍대, 아오키하라 수해, 명자와 얼음 동굴, 족과 천산과 같은 명승지가 있습니다. 가와구치호에는 섬이 있는데, 5개 호수 중 유일하게 섬이 있는 호수입니다. 호수에 반영된 후지산의 반사는 후지산의 경이로움 중 하나로 되었습니다. 후지산은 자연의 경이로움일 뿐만 아니라 신자들의 존경을 위한 성지이기도 합니다. . 그들은 후지산이 다른 세계로 가는 관문이라고 생각합니다. 화구는 신사라고 불립니다.",E04***14,5,완벽해요!,0,작성일: 2015년 12월 4일
"아름다운 후지산, 가와구치호, 아침에 일어나든 일몰이든 너무 아름답습니다! 우리가 397 계단을 오르면 구름과 안개가 산 꼭대기에 둘러싸여 산을 내려간 후 가와구치 호수로갔습니다. 경치가 좋았습니다. 후지산의 아름다운 전경을 볼 수 있습니다. 경치를 즐기고 산책하며 편안합니다. !",tiramisu1130,5,완벽해요!,0,작성일: 2019년 2월 28일
후지산은 해발 3776m의 일본에서 가장 높은 산으로 후지산 주변에는 많은 명소가 있지만 단점은 대중 교통이 매우 비효율적이라는 것입니다. 후지산은 시즈오카 현과 야마나시 현에 걸쳐 있습니다. 후지산은 휴화산입니다. 후지산은 10 개의 지점으로 나니다.,很久很久很久以前,5,완벽해요!,0,작성일: 2018년 12월 4일
후지산을 멀리서 보는 것은 매우 아름답습니다. 후지산의 탁 트인 전망을 볼 수 있습니다. 1 년에 약 60 일이라고합니다. ! !,吃了一顿又一顿,5,완벽해요!,0,작성일: 2017년 1월 23일
가을과 겨울에 후지산을 방문하면 특히 선명하게 볼 수 있습니다. 일본에서 가장 아름다운 명소 중 하나입니다. 너무 멋집니다. 산을 오르거나 크루즈를 타든 그의 아름다움을 즐길 수 있습니다. 온천 호텔을 찾고 즐기십시오.,胡大老顽童,4,최고에요!,0,작성일: 2019년 12월 27일
"일본에서 가장 높은 봉우리, 일본의 중요한 국가 상징 중 하나. 일본의 국가 상징 중 하나로서 세계적으로 유명하며 황금 경로이기도합니다. 9 월에 가면 기분이 좋습니다!",Jessie,5,완벽해요!,2,작성일: 2015년 11월 22일
후지산은 멀리서 볼 수 있고 놀 수는 없습니다. 솔직히 후지산은 멀리서 보는 것이 더 적합합니다. 가까운 거리에서 볼 수있는 느낌은 없지만 한 번 가야합니다. 매우 성숙한 경치 좋은 곳으로 가야합니다.,错了,5,완벽해요!,1,작성일: 2018년 5월 24일
내가 갔을 때 날씨가 좋았 기 때문에! 산 전체가 눈앞에 있고 구름이 많지 않아 밤에 가와구치 호수에 직접 머물 렀습니다. 풍경이 아름답고 현지인들의 삶이 매우 조용합니다. 공기가 아주 좋습니다.,_We***83,5,완벽해요!,2,작성일: 2016년 4월 4일
꽤 아름답습니다. 원한다면 갈 수 있습니다.,M29***53,4,최고에요!,0,작성일: 2020년 2월 24일
"솔직히 말해서, 비가 올 때, 전망대에 도착하면 구름이 흐리고 후지산은 명확하게 볼 수 없습니다. 그러나 산 아래의 호수는 매우 아름답고, 일본의 환경 보호, 예의 바른 교육은 칭찬받을 가치가 있으며 사람들은 매우 친절합니다!",ROBERTWANG0129,4,최고에요!,1,작성일: 2018년 11월 22일
후지산의 풍경은 정말 아름답습니다. 나는 몇 번 거기에 갔지만 갈 때마다 새로운 느낌이있을 것입니다. 정말 모든 단계에서 새로운 풍경을 볼 수 있습니다. 일본에서 몇 번 더 볼 수 있다고 강력히 추천합니다.,whoisangel,5,완벽해요!,0,작성일: 2018년 11월 20일
"후지산이 나에게 가져온 놀라움을 표현하기 위해 아름다움을 사용할 수 있습니까? 투어 가이드가 우리를 데려 간 날은 정말 좋았습니다. 날씨는 좋았고 푸른 하늘과 흰 구름은이 하늘을 배경으로 후지산은 특히 매력적이었습니다! 불행히도, 여행은 매우 빠르다, 나는 멀리서 보았다, 나는 다음에 다시 자유로워야한다!",tang691,5,완벽해요!,2,작성일: 2017년 1월 12일
후지산은 쾌적한 풍경을 가지고 있으며 눈을 볼 수 있습니다!,快乐的真谛01,5,완벽해요!,2,작성일: 2016년 10월 30일
"날씨는 매우 좋으며, 나는 맑은 후지산을 볼 수있어서 매우 운이 좋았습니다. 후지산은 매우 아름답습니다. 스키는 매우 높습니다! 펀치 카드를 가져와야합니다! 5 개 역으로 올라 갔고 기념 카드가있었습니다! 하하! 눈이 두꺼운 눈은 여전히 나에게 약간의 흥분을 가져올 수 있습니다.",老王1954,5,완벽해요!,0,작성일: 2019년 2월 27일
"후지산에 도착했을 때, 모든 것이 두꺼운 구름으로 덮여있었습니다. 모두가 실망했을 때, 후지산 정상의 날씨가 갑자기 맑아질 것이라고 기대하지 않았습니다. 유일한 후회는 산 정상에 눈이 없다는 것입니다.",云雄,4,최고에요!,3,작성일: 2015년 12월 13일
"우리는 작년 10 월에 그룹과 함께 갔고, 투어 가이드는 후지산이 정말 운명인지 알 수 있는지 말하면서 1 년 동안 볼 수있는 날은 몇 가지라고 말했습니다. 다행히도 우리가 갔을 때 날씨는 매우 얼굴이었고 후지산을 보았습니다.",M29***27,5,완벽해요!,0,작성일: 2019년 5월 25일
